"legacy_id","name","owner_name","side","position","lat","lng","chome","category","products","synonyms","description","specialty_dish","about_vendor","stall_style","icon","schedule","message"
"001","食材のお店 1","中島 千尋","north","0","33.565","133.53085000000002","六丁目","食材","{""みかん"",""りんご"",""バナナ"",""ぶどう"",""梨""}","{""ミカン"",""リンゴ"",""林檎"",""ばなな"",""ブドウ"",""葡萄"",""なし""}","食材を扱う老舗のお店です。新鮮な商品を取り揃えています。","いなか寿司","地元の味を守りたい一心で作っています。おすすめがあれば教えます。","午前中心に出店。雨天でも可能な限り営業します。雑談は控えめです。","🥕","毎週日曜日",""
"002","食べ物のお店 2","上田 真奈","north","1","33.564921999999996","133.53085000000002","六丁目","食べ物","{""たこ焼き"",""団子"",""おはぎ"",""アイスクリーム"",""いも天"",""おにぎり""}","{""タコ焼き"",""タコヤキ"",""だんご"",""ダンゴ"",""お萩"",""オハギ"",""アイス"",""あいす"",""イモ天"",""芋天"",""おむすび"",""オニギリ"",""オムスビ"",""お握り""}","食べ物を扱う老舗のお店です。新鮮な商品を取り揃えています。","皿鉢料理","家族で営む小さなお店です。毎週の出会いを楽しみにしています。","朝早くから開けています。雨天時は短縮営業です。雑談はほどほどです。","🍙","第1・3日曜日","30年以上この場所で商いをしております。品質には自信があります。"
"003","道具・工具のお店 3","山本 律","north","2","33.564844","133.53085000000002","六丁目","道具・工具","{""剪定鋏"",""包丁"",""はさみ"",""鎌"",""のこぎり"",""ナイフ"",""砥石""}","{}","道具・工具を扱う老舗のお店です。新鮮な商品を取り揃えています。","なし","朝採れや作りたてを大切にしています。安心して選んでください。","毎週日曜の午前に出店。雨の日はお休みです。雑談は多めです。","🔪","第2・4日曜日",""
"004","生活雑貨のお店 4","西田 遥","north","3","33.564766","133.53085000000002","六丁目","生活雑貨","{""ほうき"",""タオル"",""石鹸"",""食器""}","{}","生活雑貨を扱う老舗のお店です。新鮮な商品を取り揃えています。","なし","地域の人も旅の人も、ほっとできる場所になれば嬉しいです。","昼前後まで出店。雨天は様子を見て判断します。雑談は控えめです。","🧶","毎週日曜日（雨天休み）","家族で営んでいる小さなお店です。いつも応援ありがとうございます！"
"005","植物・苗のお店 5","高橋 舞","north","4","33.564688","133.53085000000002","六丁目","植物・苗","{""苗木"",""種"",""球根"",""肥料"",""植木鉢""}","{}","植物・苗を扱う老舗のお店です。新鮮な商品を取り揃えています。","なし","旬の恵みを届けたくて続けています。気軽に声をかけてください。","朝7時ごろから昼過ぎまで。雨天はお休みします。雑談は多めです。","🌱","月2回程度（SNSで告知）",""
"006","アクセサリーのお店 6","福田 悠斗","north","5","33.564609999999995","133.53085000000002","六丁目","アクセサリー","{""イヤリング"",""チャーム"",""アクセサリー"",""ピアス"",""ネックレス"",""ブレスレット""}","{}","アクセサリーを扱う老舗のお店です。新鮮な商品を取り揃えています。","なし","地元の味を守りたい一心で作っています。おすすめがあれば教えます。","午前中心に出店。雨天でも可能な限り営業します。雑談は控えめです。","💍","毎週日曜日 7:00-14:00",""
"007","手作り・工芸のお店 7","山本 玲","north","6","33.564532","133.53085000000002","六丁目","手作り・工芸","{""木工品"",""染物"",""編み物"",""革製品"",""刺繍"",""絵画"",""和紙""}","{}","手作り・工芸を扱う老舗のお店です。新鮮な商品を取り揃えています。","なし","家族で営む小さなお店です。毎週の出会いを楽しみにしています。","朝早くから開けています。雨天時は短縮営業です。雑談はほどほどです。","🎨","不定期（月3回程度）","昔ながらの製法を守り続けています。伝統の味をぜひご賞味ください。"
"008","食材のお店 8","後藤 綾","north","7","33.564454","133.53085000000002","六丁目","食材","{""ぶどう"",""梨"",""なす"",""きゅうり""}","{""ブドウ"",""葡萄"",""なし"",""ナス"",""茄子"",""キュウリ""}","食材を扱う老舗のお店です。新鮮な商品を取り揃えています。","皿鉢料理","朝採れや作りたてを大切にしています。安心して選んでください。","毎週日曜の午前に出店。雨の日はお休みです。雑談は多めです。","🥕","毎週日曜日（8月休業）","お客様との会話が何より楽しみです。気軽にお立ち寄りください！"
"009","食べ物のお店 9","加藤 綾","north","8","33.564375999999996","133.53085000000002","六丁目","食べ物","{""焼き芋"",""たこ焼き"",""団子"",""おはぎ"",""アイスクリーム""}","{""やきいも"",""焼芋"",""タコ焼き"",""タコヤキ"",""だんご"",""ダンゴ"",""お萩"",""オハギ"",""アイス"",""あいす""}","食べ物を扱う老舗のお店です。新鮮な商品を取り揃えています。","ゆず味噌","地域の人も旅の人も、ほっとできる場所になれば嬉しいです。","昼前後まで出店。雨天は様子を見て判断します。雑談は控えめです。","🍙","毎週日曜日","地元で愛されて50年。変わらぬ味を提供し続けます。"
"010","道具・工具のお店 10","安藤 幸子","north","9","33.564298","133.53085000000002","六丁目","道具・工具","{""包丁"",""はさみ"",""鎌"",""のこぎり"",""ナイフ"",""砥石""}","{}","道具・工具を扱う老舗のお店です。新鮮な商品を取り揃えています。","なし","旬の恵みを届けたくて続けています。気軽に声をかけてください。","朝7時ごろから昼過ぎまで。雨天はお休みします。雑談は多めです。","🔪","第1・3日曜日",""
"011","生活雑貨のお店 11","佐々木 麻衣","north","10","33.56422","133.53085000000002","六丁目","生活雑貨","{""タオル"",""石鹸"",""食器"",""お箸"",""弁当箱"",""竹製品"",""布巾""}","{""箸""}","生活雑貨を扱う老舗のお店です。新鮮な商品を取り揃えています。","なし","地元の味を守りたい一心で作っています。おすすめがあれば教えます。","午前中心に出店。雨天でも可能な限り営業します。雑談は控えめです。","🧶","第2・4日曜日",""
"012","植物・苗のお店 12","大西 陽子","north","11","33.564142","133.53085000000002","六丁目","植物・苗","{""種"",""球根"",""肥料"",""植木鉢""}","{}","植物・苗を扱う老舗のお店です。新鮮な商品を取り揃えています。","なし","家族で営む小さなお店です。毎週の出会いを楽しみにしています。","朝早くから開けています。雨天時は短縮営業です。雑談はほどほどです。","🌱","毎週日曜日（雨天休み）",""
"013","アクセサリーのお店 13","山本 遥香","north","12","33.564063999999995","133.53085000000002","六丁目","アクセサリー","{""チャーム"",""アクセサリー"",""ピアス"",""ネックレス"",""ブレスレット""}","{}","アクセサリーを扱う老舗のお店です。新鮮な商品を取り揃えています。","なし","朝採れや作りたてを大切にしています。安心して選んでください。","毎週日曜の午前に出店。雨の日はお休みです。雑談は多めです。","💍","月2回程度（SNSで告知）",""
"014","手作り・工芸のお店 14","野口 真奈","north","13","33.563986","133.53085000000002","六丁目","手作り・工芸","{""染物"",""編み物"",""革製品"",""刺繍"",""絵画"",""和紙""}","{}","手作り・工芸を扱う老舗のお店です。新鮮な商品を取り揃えています。","なし","地域の人も旅の人も、ほっとできる場所になれば嬉しいです。","昼前後まで出店。雨天は様子を見て判断します。雑談は控えめです。","🎨","毎週日曜日 7:00-14:00",""
"015","食材のお店 15","杉山 茜","north","14","33.563908","133.53085000000002","六丁目","食材","{""きゅうり"",""じゃがいも"",""玉ねぎ"",""しょうゆ"",""味噌"",""塩"",""酢""}","{""キュウリ"",""ジャガイモ"",""馬鈴薯"",""じゃが芋"",""たまねぎ"",""タマネギ"",""玉葱"",""醤油"",""しょう油"",""ショウユ"",""みそ"",""ミソ"",""しお"",""す""}","食材を扱う老舗のお店です。新鮮な商品を取り揃えています。","ゆず味噌","旬の恵みを届けたくて続けています。気軽に声をかけてください。","朝7時ごろから昼過ぎまで。雨天はお休みします。雑談は多めです。","🥕","不定期（月3回程度）","高知の美味しいものをたくさんの方に知ってもらいたいです。"
"016","食べ物のお店 16","伊藤 大悟","north","15","33.563829999999996","133.53085000000002","六丁目","食べ物","{""お菓子"",""焼き芋"",""たこ焼き"",""団子""}","{""菓子"",""やきいも"",""焼芋"",""タコ焼き"",""タコヤキ"",""だんご"",""ダンゴ""}","食べ物を扱う老舗のお店です。新鮮な商品を取り揃えています。","うつぼの唐揚げ","地元の味を守りたい一心で作っています。おすすめがあれば教えます。","午前中心に出店。雨天でも可能な限り営業します。雑談は控えめです。","🍙","毎週日曜日（8月休業）",""
"017","道具・工具のお店 17","中村 恵","north","16","33.563752","133.53085000000002","六丁目","道具・工具","{""はさみ"",""鎌"",""のこぎり"",""ナイフ"",""砥石""}","{}","道具・工具を扱う老舗のお店です。新鮮な商品を取り揃えています。","なし","家族で営む小さなお店です。毎週の出会いを楽しみにしています。","朝早くから開けています。雨天時は短縮営業です。雑談はほどほどです。","🔪","毎週日曜日",""
"018","生活雑貨のお店 18","菊地 優希","north","17","33.563674","133.53085000000002","六丁目","生活雑貨","{""石鹸"",""食器"",""お箸"",""弁当箱"",""竹製品"",""布巾""}","{""箸""}","生活雑貨を扱う老舗のお店です。新鮮な商品を取り揃えています。","なし","朝採れや作りたてを大切にしています。安心して選んでください。","毎週日曜の午前に出店。雨の日はお休みです。雑談は多めです。","🧶","第1・3日曜日",""
"019","植物・苗のお店 19","谷口 悠","north","18","33.563596","133.53085000000002","六丁目","植物・苗","{""球根"",""肥料"",""植木鉢"",""トマト苗"",""ハーブ"",""花の苗"",""観葉植物""}","{""とまと苗""}","植物・苗を扱う老舗のお店です。新鮮な商品を取り揃えています。","なし","地域の人も旅の人も、ほっとできる場所になれば嬉しいです。","昼前後まで出店。雨天は様子を見て判断します。雑談は控えめです。","🌱","第2・4日曜日","地元で愛されて50年。変わらぬ味を提供し続けます。"
"020","アクセサリーのお店 20","杉本 直人","north","19","33.563517999999995","133.53085000000002","六丁目","アクセサリー","{""アクセサリー"",""ピアス"",""ネックレス"",""ブレスレット""}","{}","アクセサリーを扱う老舗のお店です。新鮮な商品を取り揃えています。","なし","旬の恵みを届けたくて続けています。気軽に声をかけてください。","朝7時ごろから昼過ぎまで。雨天はお休みします。雑談は多めです。","💍","毎週日曜日（雨天休み）",""
"021","手作り・工芸のお店 21","遠藤 茜","north","20","33.56344","133.53085000000002","六丁目","手作り・工芸","{""編み物"",""革製品"",""刺繍"",""絵画"",""和紙""}","{}","手作り・工芸を扱う老舗のお店です。新鮮な商品を取り揃えています。","なし","地元の味を守りたい一心で作っています。おすすめがあれば教えます。","午前中心に出店。雨天でも可能な限り営業します。雑談は控えめです。","🎨","月2回程度（SNSで告知）",""
"022","食材のお店 22","高木 海里","north","21","33.563362","133.53085000000002","六丁目","食材","{""しょうゆ"",""味噌"",""塩"",""酢"",""油"",""だし""}","{""醤油"",""しょう油"",""ショウユ"",""みそ"",""ミソ"",""しお"",""す"",""あぶら"",""オイル"",""出汁"",""ダシ""}","食材を扱う老舗のお店です。新鮮な商品を取り揃えています。","うつぼの唐揚げ","家族で営む小さなお店です。毎週の出会いを楽しみにしています。","朝早くから開けています。雨天時は短縮営業です。雑談はほどほどです。","🥕","毎週日曜日 7:00-14:00",""
"023","食べ物のお店 23","松尾 莉子","north","22","33.563283999999996","133.53085000000002","五丁目","食べ物","{""お餅"",""お菓子"",""焼き芋"",""たこ焼き"",""団子"",""おはぎ"",""アイスクリーム""}","{""餅"",""もち"",""菓子"",""やきいも"",""焼芋"",""タコ焼き"",""タコヤキ"",""だんご"",""ダンゴ"",""お萩"",""オハギ"",""アイス"",""あいす""}","食べ物を扱う老舗のお店です。新鮮な商品を取り揃えています。","ぐる煮","朝採れや作りたてを大切にしています。安心して選んでください。","毎週日曜の午前に出店。雨の日はお休みです。雑談は多めです。","🍙","不定期（月3回程度）",""
"024","道具・工具のお店 24","松田 千尋","north","23","33.563206","133.53085000000002","五丁目","道具・工具","{""鎌"",""のこぎり"",""ナイフ"",""砥石""}","{}","道具・工具を扱う老舗のお店です。新鮮な商品を取り揃えています。","なし","地域の人も旅の人も、ほっとできる場所になれば嬉しいです。","昼前後まで出店。雨天は様子を見て判断します。雑談は控えめです。","🔪","毎週日曜日（8月休業）",""
"025","生活雑貨のお店 25","山口 愛菜","north","24","33.563128","133.53085000000002","五丁目","生活雑貨","{""食器"",""お箸"",""弁当箱"",""竹製品"",""布巾""}","{""箸""}","生活雑貨を扱う老舗のお店です。新鮮な商品を取り揃えています。","なし","旬の恵みを届けたくて続けています。気軽に声をかけてください。","朝7時ごろから昼過ぎまで。雨天はお休みします。雑談は多めです。","🧶","毎週日曜日",""
"026","植物・苗のお店 26","森田 紘","north","25","33.56305","133.53085000000002","五丁目","植物・苗","{""肥料"",""植木鉢"",""トマト苗"",""ハーブ"",""花の苗"",""観葉植物""}","{""とまと苗""}","植物・苗を扱う老舗のお店です。新鮮な商品を取り揃えています。","なし","地元の味を守りたい一心で作っています。おすすめがあれば教えます。","午前中心に出店。雨天でも可能な限り営業します。雑談は控えめです。","🌱","第1・3日曜日",""
"027","アクセサリーのお店 27","渡辺 里奈","north","26","33.562971999999995","133.53085000000002","五丁目","アクセサリー","{""ピアス"",""ネックレス"",""ブレスレット"",""指輪"",""ヘアピン"",""かんざし"",""ブローチ""}","{}","アクセサリーを扱う老舗のお店です。新鮮な商品を取り揃えています。","なし","家族で営む小さなお店です。毎週の出会いを楽しみにしています。","朝早くから開けています。雨天時は短縮営業です。雑談はほどほどです。","💍","第2・4日曜日","昔ながらの製法を守り続けています。伝統の味をぜひご賞味ください。"
"028","手作り・工芸のお店 28","中村 莉央","north","27","33.562894","133.53085000000002","五丁目","手作り・工芸","{""革製品"",""刺繍"",""絵画"",""和紙""}","{}","手作り・工芸を扱う老舗のお店です。新鮮な商品を取り揃えています。","なし","朝採れや作りたてを大切にしています。安心して選んでください。","毎週日曜の午前に出店。雨の日はお休みです。雑談は多めです。","🎨","毎週日曜日（雨天休み）",""
"029","食材のお店 29","松尾 俊介","north","28","33.562816","133.53085000000002","五丁目","食材","{""酢"",""油"",""だし"",""レタス"",""トマト""}","{""す"",""あぶら"",""オイル"",""出汁"",""ダシ"",""れたす"",""とまと""}","食材を扱う老舗のお店です。新鮮な商品を取り揃えています。","ぐる煮","地域の人も旅の人も、ほっとできる場所になれば嬉しいです。","昼前後まで出店。雨天は様子を見て判断します。雑談は控えめです。","🥕","月2回程度（SNSで告知）",""
"030","食べ物のお店 30","青木 真央","north","29","33.562737999999996","133.53085000000002","五丁目","食べ物","{""パン"",""お餅"",""お菓子"",""焼き芋"",""たこ焼き"",""団子""}","{""ぱん"",""餅"",""もち"",""菓子"",""やきいも"",""焼芋"",""タコ焼き"",""タコヤキ"",""だんご"",""ダンゴ""}","食べ物を扱う老舗のお店です。新鮮な商品を取り揃えています。","かつおのたたき","旬の恵みを届けたくて続けています。気軽に声をかけてください。","朝7時ごろから昼過ぎまで。雨天はお休みします。雑談は多めです。","🍙","毎週日曜日 7:00-14:00",""
"031","道具・工具のお店 31","小川 栞","north","30","33.56266","133.53085000000002","五丁目","道具・工具","{""のこぎり"",""ナイフ"",""砥石"",""彫刻刀"",""ドライバー"",""スコップ"",""剪定鋏""}","{}","道具・工具を扱う老舗のお店です。新鮮な商品を取り揃えています。","なし","地元の味を守りたい一心で作っています。おすすめがあれば教えます。","午前中心に出店。雨天でも可能な限り営業します。雑談は控えめです。","🔪","不定期（月3回程度）",""
"032","生活雑貨のお店 32","松本 桜","north","31","33.562582","133.53085000000002","五丁目","生活雑貨","{""お箸"",""弁当箱"",""竹製品"",""布巾""}","{""箸""}","生活雑貨を扱う老舗のお店です。新鮮な商品を取り揃えています。","なし","家族で営む小さなお店です。毎週の出会いを楽しみにしています。","朝早くから開けています。雨天時は短縮営業です。雑談はほどほどです。","🧶","毎週日曜日（8月休業）",""
"033","植物・苗のお店 33","松本 萌","north","32","33.562504","133.53085000000002","五丁目","植物・苗","{""植木鉢"",""トマト苗"",""ハーブ"",""花の苗"",""観葉植物""}","{""とまと苗""}","植物・苗を扱う老舗のお店です。新鮮な商品を取り揃えています。","なし","朝採れや作りたてを大切にしています。安心して選んでください。","毎週日曜の午前に出店。雨の日はお休みです。雑談は多めです。","🌱","毎週日曜日",""
"034","アクセサリーのお店 34","大塚 健","north","33","33.562425999999995","133.53085000000002","五丁目","アクセサリー","{""ネックレス"",""ブレスレット"",""指輪"",""ヘアピン"",""かんざし"",""ブローチ""}","{}","アクセサリーを扱う老舗のお店です。新鮮な商品を取り揃えています。","なし","地域の人も旅の人も、ほっとできる場所になれば嬉しいです。","昼前後まで出店。雨天は様子を見て判断します。雑談は控えめです。","💍","第1・3日曜日",""
"035","手作り・工芸のお店 35","内田 晴香","north","34","33.562348","133.53085000000002","五丁目","手作り・工芸","{""刺繍"",""絵画"",""和紙"",""竹細工"",""ガラス細工"",""陶器"",""木工品""}","{}","手作り・工芸を扱う老舗のお店です。新鮮な商品を取り揃えています。","なし","旬の恵みを届けたくて続けています。気軽に声をかけてください。","朝7時ごろから昼過ぎまで。雨天はお休みします。雑談は多めです。","🎨","第2・4日曜日",""
"036","食材のお店 36","桜井 光希","north","35","33.56227","133.53085000000002","五丁目","食材","{""レタス"",""トマト"",""にんじん"",""みかん""}","{""れたす"",""とまと"",""ニンジン"",""人参"",""ミカン""}","食材を扱う老舗のお店です。新鮮な商品を取り揃えています。","かつおのたたき","地元の味を守りたい一心で作っています。おすすめがあれば教えます。","午前中心に出店。雨天でも可能な限り営業します。雑談は控えめです。","🥕","毎週日曜日（雨天休み）","朝採れの新鮮な食材をお届けします。季節の味をお楽しみください。"
"037","食べ物のお店 37","大塚 優","north","36","33.562191999999996","133.53085000000002","五丁目","食べ物","{""お弁当"",""パン"",""お餅"",""お菓子"",""焼き芋""}","{""弁当"",""ぱん"",""餅"",""もち"",""菓子"",""やきいも"",""焼芋""}","食べ物を扱う老舗のお店です。新鮮な商品を取り揃えています。","いなか寿司","家族で営む小さなお店です。毎週の出会いを楽しみにしています。","朝早くから開けています。雨天時は短縮営業です。雑談はほどほどです。","🍙","月2回程度（SNSで告知）",""
"038","道具・工具のお店 38","木下 葵","north","37","33.562114","133.53085000000002","五丁目","道具・工具","{""ナイフ"",""砥石"",""彫刻刀"",""ドライバー"",""スコップ"",""剪定鋏""}","{}","道具・工具を扱う老舗のお店です。新鮮な商品を取り揃えています。","なし","朝採れや作りたてを大切にしています。安心して選んでください。","毎週日曜の午前に出店。雨の日はお休みです。雑談は多めです。","🔪","毎週日曜日 7:00-14:00",""
"039","生活雑貨のお店 39","三浦 優","north","38","33.562036","133.53085000000002","五丁目","生活雑貨","{""弁当箱"",""竹製品"",""布巾"",""ざる"",""かご"",""ほうき"",""タオル""}","{}","生活雑貨を扱う老舗のお店です。新鮮な商品を取り揃えています。","なし","地域の人も旅の人も、ほっとできる場所になれば嬉しいです。","昼前後まで出店。雨天は様子を見て判断します。雑談は控えめです。","🧶","不定期（月3回程度）","地元で愛されて50年。変わらぬ味を提供し続けます。"
"040","植物・苗のお店 40","木下 幸子","north","39","33.561958","133.53085000000002","五丁目","植物・苗","{""トマト苗"",""ハーブ"",""花の苗"",""観葉植物""}","{""とまと苗""}","植物・苗を扱う老舗のお店です。新鮮な商品を取り揃えています。","なし","旬の恵みを届けたくて続けています。気軽に声をかけてください。","朝7時ごろから昼過ぎまで。雨天はお休みします。雑談は多めです。","🌱","毎週日曜日（8月休業）",""
"041","アクセサリーのお店 41","加藤 陽","north","40","33.561879999999995","133.53085000000002","五丁目","アクセサリー","{""ブレスレット"",""指輪"",""ヘアピン"",""かんざし"",""ブローチ""}","{}","アクセサリーを扱う老舗のお店です。新鮮な商品を取り揃えています。","なし","地元の味を守りたい一心で作っています。おすすめがあれば教えます。","午前中心に出店。雨天でも可能な限り営業します。雑談は控えめです。","💍","毎週日曜日","新鮮な地元野菜を毎朝仕入れています。ぜひお声がけください！"
"042","手作り・工芸のお店 42","竹内 由佳","north","41","33.561802","133.53085000000002","五丁目","手作り・工芸","{""絵画"",""和紙"",""竹細工"",""ガラス細工"",""陶器"",""木工品""}","{}","手作り・工芸を扱う老舗のお店です。新鮮な商品を取り揃えています。","なし","家族で営む小さなお店です。毎週の出会いを楽しみにしています。","朝早くから開けています。雨天時は短縮営業です。雑談はほどほどです。","🎨","第1・3日曜日",""
"043","食材のお店 43","西村 奈々","north","42","33.561724","133.53085000000002","五丁目","食材","{""みかん"",""りんご"",""バナナ"",""ぶどう"",""梨"",""なす"",""きゅうり""}","{""ミカン"",""リンゴ"",""林檎"",""ばなな"",""ブドウ"",""葡萄"",""なし"",""ナス"",""茄子"",""キュウリ""}","食材を扱う老舗のお店です。新鮮な商品を取り揃えています。","いなか寿司","朝採れや作りたてを大切にしています。安心して選んでください。","毎週日曜の午前に出店。雨の日はお休みです。雑談は多めです。","🥕","第2・4日曜日",""
"044","食べ物のお店 44","三浦 麻衣","north","43","33.561645999999996","133.53085000000002","四丁目","食べ物","{""おにぎり"",""お弁当"",""パン"",""お餅""}","{""おむすび"",""オニギリ"",""オムスビ"",""お握り"",""弁当"",""ぱん"",""餅"",""もち""}","食べ物を扱う老舗のお店です。新鮮な商品を取り揃えています。","皿鉢料理","地域の人も旅の人も、ほっとできる場所になれば嬉しいです。","昼前後まで出店。雨天は様子を見て判断します。雑談は控えめです。","🍙","毎週日曜日（雨天休み）",""
"045","道具・工具のお店 45","遠藤 直樹","north","44","33.561568","133.53085000000002","四丁目","道具・工具","{""砥石"",""彫刻刀"",""ドライバー"",""スコップ"",""剪定鋏""}","{}","道具・工具を扱う老舗のお店です。新鮮な商品を取り揃えています。","なし","旬の恵みを届けたくて続けています。気軽に声をかけてください。","朝7時ごろから昼過ぎまで。雨天はお休みします。雑談は多めです。","🔪","月2回程度（SNSで告知）","高知の美味しいものをたくさんの方に知ってもらいたいです。"
"046","生活雑貨のお店 46","坂本 光希","north","45","33.56149","133.53085000000002","四丁目","生活雑貨","{""竹製品"",""布巾"",""ざる"",""かご"",""ほうき"",""タオル""}","{}","生活雑貨を扱う老舗のお店です。新鮮な商品を取り揃えています。","なし","地元の味を守りたい一心で作っています。おすすめがあれば教えます。","午前中心に出店。雨天でも可能な限り営業します。雑談は控えめです。","🧶","毎週日曜日 7:00-14:00",""
"047","植物・苗のお店 47","上田 佳奈","north","46","33.561412","133.53085000000002","四丁目","植物・苗","{""ハーブ"",""花の苗"",""観葉植物"",""多肉植物"",""苗木"",""種"",""球根""}","{}","植物・苗を扱う老舗のお店です。新鮮な商品を取り揃えています。","なし","家族で営む小さなお店です。毎週の出会いを楽しみにしています。","朝早くから開けています。雨天時は短縮営業です。雑談はほどほどです。","🌱","不定期（月3回程度）",""
"048","アクセサリーのお店 48","久保 大輔","north","47","33.561333999999995","133.53085000000002","四丁目","アクセサリー","{""指輪"",""ヘアピン"",""かんざし"",""ブローチ""}","{}","アクセサリーを扱う老舗のお店です。新鮮な商品を取り揃えています。","なし","朝採れや作りたてを大切にしています。安心して選んでください。","毎週日曜の午前に出店。雨の日はお休みです。雑談は多めです。","💍","毎週日曜日（8月休業）",""
"049","手作り・工芸のお店 49","山崎 俊介","north","48","33.561256","133.53085000000002","四丁目","手作り・工芸","{""和紙"",""竹細工"",""ガラス細工"",""陶器"",""木工品""}","{}","手作り・工芸を扱う老舗のお店です。新鮮な商品を取り揃えています。","なし","地域の人も旅の人も、ほっとできる場所になれば嬉しいです。","昼前後まで出店。雨天は様子を見て判断します。雑談は控えめです。","🎨","毎週日曜日","地元で愛されて50年。変わらぬ味を提供し続けます。"
"050","食材のお店 50","福田 優太","north","49","33.561178","133.53085000000002","四丁目","食材","{""ぶどう"",""梨"",""なす"",""きゅうり"",""じゃがいも"",""玉ねぎ""}","{""ブドウ"",""葡萄"",""なし"",""ナス"",""茄子"",""キュウリ"",""ジャガイモ"",""馬鈴薯"",""じゃが芋"",""たまねぎ"",""タマネギ"",""玉葱""}","食材を扱う老舗のお店です。新鮮な商品を取り揃えています。","皿鉢料理","旬の恵みを届けたくて続けています。気軽に声をかけてください。","朝7時ごろから昼過ぎまで。雨天はお休みします。雑談は多めです。","🥕","第1・3日曜日","無農薬・有機栽培にこだわっています。安心安全な野菜をどうぞ。"
"051","食べ物のお店 51","河野 涼","north","50","33.561099999999996","133.53085000000002","四丁目","食べ物","{""いも天"",""おにぎり"",""お弁当"",""パン"",""お餅"",""お菓子"",""焼き芋""}","{""イモ天"",""芋天"",""おむすび"",""オニギリ"",""オムスビ"",""お握り"",""弁当"",""ぱん"",""餅"",""もち"",""菓子"",""やきいも"",""焼芋""}","食べ物を扱う老舗のお店です。新鮮な商品を取り揃えています。","ゆず味噌","地元の味を守りたい一心で作っています。おすすめがあれば教えます。","午前中心に出店。雨天でも可能な限り営業します。雑談は控えめです。","🍙","第2・4日曜日",""
"052","道具・工具のお店 52","金子 翼","north","51","33.561022","133.53085000000002","四丁目","道具・工具","{""彫刻刀"",""ドライバー"",""スコップ"",""剪定鋏""}","{}","道具・工具を扱う老舗のお店です。新鮮な商品を取り揃えています。","なし","家族で営む小さなお店です。毎週の出会いを楽しみにしています。","朝早くから開けています。雨天時は短縮営業です。雑談はほどほどです。","🔪","毎週日曜日（雨天休み）",""
"053","生活雑貨のお店 53","横山 真一","north","52","33.560944","133.53085000000002","四丁目","生活雑貨","{""布巾"",""ざる"",""かご"",""ほうき"",""タオル""}","{}","生活雑貨を扱う老舗のお店です。新鮮な商品を取り揃えています。","なし","朝採れや作りたてを大切にしています。安心して選んでください。","毎週日曜の午前に出店。雨の日はお休みです。雑談は多めです。","🧶","月2回程度（SNSで告知）","手作りにこだわった商品ばかりです。一つ一つ心を込めて作っています。"
"054","植物・苗のお店 54","長谷川 海斗","north","53","33.560866","133.53085000000002","四丁目","植物・苗","{""花の苗"",""観葉植物"",""多肉植物"",""苗木"",""種"",""球根""}","{}","植物・苗を扱う老舗のお店です。新鮮な商品を取り揃えています。","なし","地域の人も旅の人も、ほっとできる場所になれば嬉しいです。","昼前後まで出店。雨天は様子を見て判断します。雑談は控えめです。","🌱","毎週日曜日 7:00-14:00",""
"055","アクセサリーのお店 55","池田 美咲","north","54","33.560787999999995","133.53085000000002","四丁目","アクセサリー","{""ヘアピン"",""かんざし"",""ブローチ"",""イヤリング"",""チャーム"",""アクセサリー"",""ピアス""}","{}","アクセサリーを扱う老舗のお店です。新鮮な商品を取り揃えています。","なし","旬の恵みを届けたくて続けています。気軽に声をかけてください。","朝7時ごろから昼過ぎまで。雨天はお休みします。雑談は多めです。","💍","不定期（月3回程度）",""
"056","手作り・工芸のお店 56","内田 健太","north","55","33.56071","133.53085000000002","四丁目","手作り・工芸","{""竹細工"",""ガラス細工"",""陶器"",""木工品""}","{}","手作り・工芸を扱う老舗のお店です。新鮮な商品を取り揃えています。","なし","地元の味を守りたい一心で作っています。おすすめがあれば教えます。","午前中心に出店。雨天でも可能な限り営業します。雑談は控えめです。","🎨","毎週日曜日（8月休業）",""
"057","食材のお店 57","山崎 剛","north","56","33.560632","133.53085000000002","四丁目","食材","{""きゅうり"",""じゃがいも"",""玉ねぎ"",""しょうゆ"",""味噌""}","{""キュウリ"",""ジャガイモ"",""馬鈴薯"",""じゃが芋"",""たまねぎ"",""タマネギ"",""玉葱"",""醤油"",""しょう油"",""ショウユ"",""みそ"",""ミソ""}","食材を扱う老舗のお店です。新鮮な商品を取り揃えています。","ゆず味噌","家族で営む小さなお店です。毎週の出会いを楽しみにしています。","朝早くから開けています。雨天時は短縮営業です。雑談はほどほどです。","🥕","毎週日曜日",""
"058","食べ物のお店 58","谷口 萌","north","57","33.560553999999996","133.53085000000002","四丁目","食べ物","{""アイスクリーム"",""いも天"",""おにぎり"",""お弁当"",""パン"",""お餅""}","{""アイス"",""あいす"",""イモ天"",""芋天"",""おむすび"",""オニギリ"",""オムスビ"",""お握り"",""弁当"",""ぱん"",""餅"",""もち""}","食べ物を扱う老舗のお店です。新鮮な商品を取り揃えています。","うつぼの唐揚げ","朝採れや作りたてを大切にしています。安心して選んでください。","毎週日曜の午前に出店。雨の日はお休みです。雑談は多めです。","🍙","第1・3日曜日",""
"059","道具・工具のお店 59","工藤 徹","north","58","33.560476","133.53085000000002","四丁目","道具・工具","{""ドライバー"",""スコップ"",""剪定鋏"",""包丁"",""はさみ"",""鎌"",""のこぎり""}","{}","道具・工具を扱う老舗のお店です。新鮮な商品を取り揃えています。","なし","地域の人も旅の人も、ほっとできる場所になれば嬉しいです。","昼前後まで出店。雨天は様子を見て判断します。雑談は控えめです。","🔪","第2・4日曜日",""
"060","生活雑貨のお店 60","藤原 紘","north","59","33.560398","133.53085000000002","四丁目","生活雑貨","{""ざる"",""かご"",""ほうき"",""タオル""}","{}","生活雑貨を扱う老舗のお店です。新鮮な商品を取り揃えています。","なし","旬の恵みを届けたくて続けています。気軽に声をかけてください。","朝7時ごろから昼過ぎまで。雨天はお休みします。雑談は多めです。","🧶","毎週日曜日（雨天休み）",""
"061","植物・苗のお店 61","原田 花子","north","60","33.56032","133.53085000000002","四丁目","植物・苗","{""観葉植物"",""多肉植物"",""苗木"",""種"",""球根""}","{}","植物・苗を扱う老舗のお店です。新鮮な商品を取り揃えています。","なし","地元の味を守りたい一心で作っています。おすすめがあれば教えます。","午前中心に出店。雨天でも可能な限り営業します。雑談は控えめです。","🌱","月2回程度（SNSで告知）",""
"062","アクセサリーのお店 62","山下 幸子","north","61","33.560241999999995","133.53085000000002","四丁目","アクセサリー","{""かんざし"",""ブローチ"",""イヤリング"",""チャーム"",""アクセサリー"",""ピアス""}","{}","アクセサリーを扱う老舗のお店です。新鮮な商品を取り揃えています。","なし","家族で営む小さなお店です。毎週の出会いを楽しみにしています。","朝早くから開けています。雨天時は短縮営業です。雑談はほどほどです。","💍","毎週日曜日 7:00-14:00",""
"063","手作り・工芸のお店 63","藤原 陽","north","62","33.560164","133.53085000000002","四丁目","手作り・工芸","{""ガラス細工"",""陶器"",""木工品"",""染物"",""編み物"",""革製品"",""刺繍""}","{}","手作り・工芸を扱う老舗のお店です。新鮮な商品を取り揃えています。","なし","朝採れや作りたてを大切にしています。安心して選んでください。","毎週日曜の午前に出店。雨の日はお休みです。雑談は多めです。","🎨","不定期（月3回程度）","手作りにこだわった商品ばかりです。一つ一つ心を込めて作っています。"
"064","食材のお店 64","水野 海","north","63","33.560086","133.53085000000002","四丁目","食材","{""しょうゆ"",""味噌"",""塩"",""酢""}","{""醤油"",""しょう油"",""ショウユ"",""みそ"",""ミソ"",""しお"",""す""}","食材を扱う老舗のお店です。新鮮な商品を取り揃えています。","うつぼの唐揚げ","地域の人も旅の人も、ほっとできる場所になれば嬉しいです。","昼前後まで出店。雨天は様子を見て判断します。雑談は控えめです。","🥕","毎週日曜日（8月休業）",""
"065","食べ物のお店 65","吉川 真一","north","64","33.560007999999996","133.53085000000002","四丁目","食べ物","{""おはぎ"",""アイスクリーム"",""いも天"",""おにぎり"",""お弁当""}","{""お萩"",""オハギ"",""アイス"",""あいす"",""イモ天"",""芋天"",""おむすび"",""オニギリ"",""オムスビ"",""お握り"",""弁当""}","食べ物を扱う老舗のお店です。新鮮な商品を取り揃えています。","ぐる煮","旬の恵みを届けたくて続けています。気軽に声をかけてください。","朝7時ごろから昼過ぎまで。雨天はお休みします。雑談は多めです。","🍙","毎週日曜日","高知の美味しいものをたくさんの方に知ってもらいたいです。"
"066","道具・工具のお店 66","安藤 剛","north","65","33.55993","133.53085000000002","三丁目","道具・工具","{""スコップ"",""剪定鋏"",""包丁"",""はさみ"",""鎌"",""のこぎり""}","{}","道具・工具を扱う老舗のお店です。新鮮な商品を取り揃えています。","なし","地元の味を守りたい一心で作っています。おすすめがあれば教えます。","午前中心に出店。雨天でも可能な限り営業します。雑談は控えめです。","🔪","第1・3日曜日",""
"067","生活雑貨のお店 67","松本 太郎","north","66","33.559852","133.53085000000002","三丁目","生活雑貨","{""かご"",""ほうき"",""タオル"",""石鹸"",""食器"",""お箸"",""弁当箱""}","{""箸""}","生活雑貨を扱う老舗のお店です。新鮮な商品を取り揃えています。","なし","家族で営む小さなお店です。毎週の出会いを楽しみにしています。","朝早くから開けています。雨天時は短縮営業です。雑談はほどほどです。","🧶","第2・4日曜日","昔ながらの製法を守り続けています。伝統の味をぜひご賞味ください。"
"068","植物・苗のお店 68","高木 陽太","north","67","33.559774","133.53085000000002","三丁目","植物・苗","{""多肉植物"",""苗木"",""種"",""球根""}","{}","植物・苗を扱う老舗のお店です。新鮮な商品を取り揃えています。","なし","朝採れや作りたてを大切にしています。安心して選んでください。","毎週日曜の午前に出店。雨の日はお休みです。雑談は多めです。","🌱","毎週日曜日（雨天休み）",""
"069","アクセサリーのお店 69","松尾 颯太","north","68","33.559695999999995","133.53085000000002","三丁目","アクセサリー","{""ブローチ"",""イヤリング"",""チャーム"",""アクセサリー"",""ピアス""}","{}","アクセサリーを扱う老舗のお店です。新鮮な商品を取り揃えています。","なし","地域の人も旅の人も、ほっとできる場所になれば嬉しいです。","昼前後まで出店。雨天は様子を見て判断します。雑談は控えめです。","💍","月2回程度（SNSで告知）",""
"070","手作り・工芸のお店 70","上田 千尋","north","69","33.559618","133.53085000000002","三丁目","手作り・工芸","{""陶器"",""木工品"",""染物"",""編み物"",""革製品"",""刺繍""}","{}","手作り・工芸を扱う老舗のお店です。新鮮な商品を取り揃えています。","なし","旬の恵みを届けたくて続けています。気軽に声をかけてください。","朝7時ごろから昼過ぎまで。雨天はお休みします。雑談は多めです。","🎨","毎週日曜日 7:00-14:00",""
"071","食材のお店 71","佐々木 美紀","north","70","33.55954","133.53085000000002","三丁目","食材","{""酢"",""油"",""だし"",""レタス"",""トマト"",""にんじん"",""みかん""}","{""す"",""あぶら"",""オイル"",""出汁"",""ダシ"",""れたす"",""とまと"",""ニンジン"",""人参"",""ミカン""}","食材を扱う老舗のお店です。新鮮な商品を取り揃えています。","ぐる煮","地元の味を守りたい一心で作っています。おすすめがあれば教えます。","午前中心に出店。雨天でも可能な限り営業します。雑談は控えめです。","🥕","不定期（月3回程度）","新鮮な地元野菜を毎朝仕入れています。ぜひお声がけください！"
"072","食べ物のお店 72","青木 梨花","north","71","33.559461999999996","133.53085000000002","三丁目","食べ物","{""団子"",""おはぎ"",""アイスクリーム"",""いも天""}","{""だんご"",""ダンゴ"",""お萩"",""オハギ"",""アイス"",""あいす"",""イモ天"",""芋天""}","食べ物を扱う老舗のお店です。新鮮な商品を取り揃えています。","かつおのたたき","家族で営む小さなお店です。毎週の出会いを楽しみにしています。","朝早くから開けています。雨天時は短縮営業です。雑談はほどほどです。","🍙","毎週日曜日（8月休業）",""
"073","道具・工具のお店 73","石井 悠","north","72","33.559384","133.53085000000002","三丁目","道具・工具","{""剪定鋏"",""包丁"",""はさみ"",""鎌"",""のこぎり""}","{}","道具・工具を扱う老舗のお店です。新鮮な商品を取り揃えています。","なし","朝採れや作りたてを大切にしています。安心して選んでください。","毎週日曜の午前に出店。雨の日はお休みです。雑談は多めです。","🔪","毎週日曜日",""
"074","生活雑貨のお店 74","渡部 玲子","north","73","33.559306","133.53085000000002","三丁目","生活雑貨","{""ほうき"",""タオル"",""石鹸"",""食器"",""お箸"",""弁当箱""}","{""箸""}","生活雑貨を扱う老舗のお店です。新鮮な商品を取り揃えています。","なし","地域の人も旅の人も、ほっとできる場所になれば嬉しいです。","昼前後まで出店。雨天は様子を見て判断します。雑談は控えめです。","🧶","第1・3日曜日",""
"075","植物・苗のお店 75","高橋 修","north","74","33.559228","133.53085000000002","三丁目","植物・苗","{""苗木"",""種"",""球根"",""肥料"",""植木鉢"",""トマト苗"",""ハーブ""}","{""とまと苗""}","植物・苗を扱う老舗のお店です。新鮮な商品を取り揃えています。","なし","旬の恵みを届けたくて続けています。気軽に声をかけてください。","朝7時ごろから昼過ぎまで。雨天はお休みします。雑談は多めです。","🌱","第2・4日曜日",""
"076","アクセサリーのお店 76","野口 玲奈","north","75","33.55915","133.53085000000002","三丁目","アクセサリー","{""イヤリング"",""チャーム"",""アクセサリー"",""ピアス""}","{}","アクセサリーを扱う老舗のお店です。新鮮な商品を取り揃えています。","なし","地元の味を守りたい一心で作っています。おすすめがあれば教えます。","午前中心に出店。雨天でも可能な限り営業します。雑談は控えめです。","💍","毎週日曜日（雨天休み）",""
"077","手作り・工芸のお店 77","東 翔太","north","76","33.559072","133.53085000000002","三丁目","手作り・工芸","{""木工品"",""染物"",""編み物"",""革製品"",""刺繍""}","{}","手作り・工芸を扱う老舗のお店です。新鮮な商品を取り揃えています。","なし","家族で営む小さなお店です。毎週の出会いを楽しみにしています。","朝早くから開けています。雨天時は短縮営業です。雑談はほどほどです。","🎨","月2回程度（SNSで告知）",""
"078","食材のお店 78","藤井 海斗","north","77","33.558994","133.53085000000002","三丁目","食材","{""レタス"",""トマト"",""にんじん"",""みかん"",""りんご"",""バナナ""}","{""れたす"",""とまと"",""ニンジン"",""人参"",""ミカン"",""リンゴ"",""林檎"",""ばなな""}","食材を扱う老舗のお店です。新鮮な商品を取り揃えています。","かつおのたたき","朝採れや作りたてを大切にしています。安心して選んでください。","毎週日曜の午前に出店。雨の日はお休みです。雑談は多めです。","🥕","毎週日曜日 7:00-14:00","お客様との会話が何より楽しみです。気軽にお立ち寄りください！"
"079","食べ物のお店 79","山崎 誠","north","78","33.558915999999996","133.53085000000002","三丁目","食べ物","{""たこ焼き"",""団子"",""おはぎ"",""アイスクリーム"",""いも天"",""おにぎり"",""お弁当""}","{""タコ焼き"",""タコヤキ"",""だんご"",""ダンゴ"",""お萩"",""オハギ"",""アイス"",""あいす"",""イモ天"",""芋天"",""おむすび"",""オニギリ"",""オムスビ"",""お握り"",""弁当""}","食べ物を扱う老舗のお店です。新鮮な商品を取り揃えています。","いなか寿司","地域の人も旅の人も、ほっとできる場所になれば嬉しいです。","昼前後まで出店。雨天は様子を見て判断します。雑談は控えめです。","🍙","不定期（月3回程度）","地元で愛されて50年。変わらぬ味を提供し続けます。"
"080","道具・工具のお店 80","橋本 杏","north","79","33.558838","133.53085000000002","三丁目","道具・工具","{""包丁"",""はさみ"",""鎌"",""のこぎり""}","{}","道具・工具を扱う老舗のお店です。新鮮な商品を取り揃えています。","なし","旬の恵みを届けたくて続けています。気軽に声をかけてください。","朝7時ごろから昼過ぎまで。雨天はお休みします。雑談は多めです。","🔪","毎週日曜日（8月休業）",""
"081","生活雑貨のお店 81","大野 直樹","north","80","33.55876","133.53085000000002","三丁目","生活雑貨","{""タオル"",""石鹸"",""食器"",""お箸"",""弁当箱""}","{""箸""}","生活雑貨を扱う老舗のお店です。新鮮な商品を取り揃えています。","なし","地元の味を守りたい一心で作っています。おすすめがあれば教えます。","午前中心に出店。雨天でも可能な限り営業します。雑談は控えめです。","🧶","毎週日曜日",""
"082","植物・苗のお店 82","岡本 慎太郎","north","81","33.558682","133.53085000000002","三丁目","植物・苗","{""種"",""球根"",""肥料"",""植木鉢"",""トマト苗"",""ハーブ""}","{""とまと苗""}","植物・苗を扱う老舗のお店です。新鮮な商品を取り揃えています。","なし","家族で営む小さなお店です。毎週の出会いを楽しみにしています。","朝早くから開けています。雨天時は短縮営業です。雑談はほどほどです。","🌱","第1・3日曜日",""
"083","アクセサリーのお店 83","原田 杏","north","82","33.558604","133.53085000000002","三丁目","アクセサリー","{""チャーム"",""アクセサリー"",""ピアス"",""ネックレス"",""ブレスレット"",""指輪"",""ヘアピン""}","{}","アクセサリーを扱う老舗のお店です。新鮮な商品を取り揃えています。","なし","朝採れや作りたてを大切にしています。安心して選んでください。","毎週日曜の午前に出店。雨の日はお休みです。雑談は多めです。","💍","第2・4日曜日",""
"084","手作り・工芸のお店 84","山本 海","north","83","33.558526","133.53085000000002","三丁目","手作り・工芸","{""染物"",""編み物"",""革製品"",""刺繍""}","{}","手作り・工芸を扱う老舗のお店です。新鮮な商品を取り揃えています。","なし","地域の人も旅の人も、ほっとできる場所になれば嬉しいです。","昼前後まで出店。雨天は様子を見て判断します。雑談は控えめです。","🎨","毎週日曜日（雨天休み）",""
"085","食材のお店 85","阿部 佳奈","north","84","33.558448","133.53085000000002","三丁目","食材","{""みかん"",""りんご"",""バナナ"",""ぶどう"",""梨""}","{""ミカン"",""リンゴ"",""林檎"",""ばなな"",""ブドウ"",""葡萄"",""なし""}","食材を扱う老舗のお店です。新鮮な商品を取り揃えています。","いなか寿司","旬の恵みを届けたくて続けています。気軽に声をかけてください。","朝7時ごろから昼過ぎまで。雨天はお休みします。雑談は多めです。","🥕","月2回程度（SNSで告知）",""
"086","食べ物のお店 86","前田 彩","north","85","33.55837","133.53085000000002","三丁目","食べ物","{""焼き芋"",""たこ焼き"",""団子"",""おはぎ"",""アイスクリーム"",""いも天""}","{""やきいも"",""焼芋"",""タコ焼き"",""タコヤキ"",""だんご"",""ダンゴ"",""お萩"",""オハギ"",""アイス"",""あいす"",""イモ天"",""芋天""}","食べ物を扱う老舗のお店です。新鮮な商品を取り揃えています。","皿鉢料理","地元の味を守りたい一心で作っています。おすすめがあれば教えます。","午前中心に出店。雨天でも可能な限り営業します。雑談は控えめです。","🍙","毎週日曜日 7:00-14:00",""
"087","道具・工具のお店 87","菅原 結菜","north","86","33.558292","133.53085000000002","二丁目","道具・工具","{""はさみ"",""鎌"",""のこぎり"",""ナイフ"",""砥石"",""彫刻刀"",""ドライバー""}","{}","道具・工具を扱う老舗のお店です。新鮮な商品を取り揃えています。","なし","家族で営む小さなお店です。毎週の出会いを楽しみにしています。","朝早くから開けています。雨天時は短縮営業です。雑談はほどほどです。","🔪","不定期（月3回程度）",""
"088","生活雑貨のお店 88","久保 慎太郎","north","87","33.558214","133.53085000000002","二丁目","生活雑貨","{""石鹸"",""食器"",""お箸"",""弁当箱""}","{""箸""}","生活雑貨を扱う老舗のお店です。新鮮な商品を取り揃えています。","なし","朝採れや作りたてを大切にしています。安心して選んでください。","毎週日曜の午前に出店。雨の日はお休みです。雑談は多めです。","🧶","毎週日曜日（8月休業）","お客様との会話が何より楽しみです。気軽にお立ち寄りください！"
"089","植物・苗のお店 89","石井 悠里","north","88","33.558136","133.53085000000002","二丁目","植物・苗","{""球根"",""肥料"",""植木鉢"",""トマト苗"",""ハーブ""}","{""とまと苗""}","植物・苗を扱う老舗のお店です。新鮮な商品を取り揃えています。","なし","地域の人も旅の人も、ほっとできる場所になれば嬉しいです。","昼前後まで出店。雨天は様子を見て判断します。雑談は控えめです。","🌱","毎週日曜日","地元で愛されて50年。変わらぬ味を提供し続けます。"
"090","アクセサリーのお店 90","鈴木 結人","north","89","33.558058","133.53085000000002","二丁目","アクセサリー","{""アクセサリー"",""ピアス"",""ネックレス"",""ブレスレット"",""指輪"",""ヘアピン""}","{}","アクセサリーを扱う老舗のお店です。新鮮な商品を取り揃えています。","なし","旬の恵みを届けたくて続けています。気軽に声をかけてください。","朝7時ごろから昼過ぎまで。雨天はお休みします。雑談は多めです。","💍","第1・3日曜日",""
"091","手作り・工芸のお店 91","大野 陽子","north","90","33.55798","133.53085000000002","二丁目","手作り・工芸","{""編み物"",""革製品"",""刺繍"",""絵画"",""和紙"",""竹細工"",""ガラス細工""}","{}","手作り・工芸を扱う老舗のお店です。新鮮な商品を取り揃えています。","なし","地元の味を守りたい一心で作っています。おすすめがあれば教えます。","午前中心に出店。雨天でも可能な限り営業します。雑談は控えめです。","🎨","第2・4日曜日","新鮮な地元野菜を毎朝仕入れています。ぜひお声がけください！"
"092","食材のお店 92","野村 健太","north","91","33.557902","133.53085000000002","二丁目","食材","{""ぶどう"",""梨"",""なす"",""きゅうり""}","{""ブドウ"",""葡萄"",""なし"",""ナス"",""茄子"",""キュウリ""}","食材を扱う老舗のお店です。新鮮な商品を取り揃えています。","皿鉢料理","家族で営む小さなお店です。毎週の出会いを楽しみにしています。","朝早くから開けています。雨天時は短縮営業です。雑談はほどほどです。","🥕","毎週日曜日（雨天休み）",""
"093","食べ物のお店 93","宮崎 悠斗","north","92","33.557824","133.53085000000002","二丁目","食べ物","{""お菓子"",""焼き芋"",""たこ焼き"",""団子"",""おはぎ""}","{""菓子"",""やきいも"",""焼芋"",""タコ焼き"",""タコヤキ"",""だんご"",""ダンゴ"",""お萩"",""オハギ""}","食べ物を扱う老舗のお店です。新鮮な商品を取り揃えています。","ゆず味噌","朝採れや作りたてを大切にしています。安心して選んでください。","毎週日曜の午前に出店。雨の日はお休みです。雑談は多めです。","🍙","月2回程度（SNSで告知）","手作りにこだわった商品ばかりです。一つ一つ心を込めて作っています。"
"094","道具・工具のお店 94","岡田 美紀","north","93","33.557746","133.53085000000002","二丁目","道具・工具","{""鎌"",""のこぎり"",""ナイフ"",""砥石"",""彫刻刀"",""ドライバー""}","{}","道具・工具を扱う老舗のお店です。新鮮な商品を取り揃えています。","なし","地域の人も旅の人も、ほっとできる場所になれば嬉しいです。","昼前後まで出店。雨天は様子を見て判断します。雑談は控えめです。","🔪","毎週日曜日 7:00-14:00",""
"095","生活雑貨のお店 95","松田 雅人","north","94","33.557668","133.53085000000002","二丁目","生活雑貨","{""食器"",""お箸"",""弁当箱"",""竹製品"",""布巾"",""ざる"",""かご""}","{""箸""}","生活雑貨を扱う老舗のお店です。新鮮な商品を取り揃えています。","なし","旬の恵みを届けたくて続けています。気軽に声をかけてください。","朝7時ごろから昼過ぎまで。雨天はお休みします。雑談は多めです。","🧶","不定期（月3回程度）","高知の美味しいものをたくさんの方に知ってもらいたいです。"
"096","植物・苗のお店 96","斎藤 悠真","north","95","33.55759","133.53085000000002","二丁目","植物・苗","{""肥料"",""植木鉢"",""トマト苗"",""ハーブ""}","{""とまと苗""}","植物・苗を扱う老舗のお店です。新鮮な商品を取り揃えています。","なし","地元の味を守りたい一心で作っています。おすすめがあれば教えます。","午前中心に出店。雨天でも可能な限り営業します。雑談は控えめです。","🌱","毎週日曜日（8月休業）",""
"097","アクセサリーのお店 97","野村 悠斗","north","96","33.557512","133.53085000000002","二丁目","アクセサリー","{""ピアス"",""ネックレス"",""ブレスレット"",""指輪"",""ヘアピン""}","{}","アクセサリーを扱う老舗のお店です。新鮮な商品を取り揃えています。","なし","家族で営む小さなお店です。毎週の出会いを楽しみにしています。","朝早くから開けています。雨天時は短縮営業です。雑談はほどほどです。","💍","毎週日曜日",""
"098","手作り・工芸のお店 98","原田 光希","north","97","33.557434","133.53085000000002","二丁目","手作り・工芸","{""革製品"",""刺繍"",""絵画"",""和紙"",""竹細工"",""ガラス細工""}","{}","手作り・工芸を扱う老舗のお店です。新鮮な商品を取り揃えています。","なし","朝採れや作りたてを大切にしています。安心して選んでください。","毎週日曜の午前に出店。雨の日はお休みです。雑談は多めです。","🎨","第1・3日曜日",""
"099","食材のお店 99","菅原 玲央","north","98","33.557356","133.53085000000002","二丁目","食材","{""きゅうり"",""じゃがいも"",""玉ねぎ"",""しょうゆ"",""味噌"",""塩"",""酢""}","{""キュウリ"",""ジャガイモ"",""馬鈴薯"",""じゃが芋"",""たまねぎ"",""タマネギ"",""玉葱"",""醤油"",""しょう油"",""ショウユ"",""みそ"",""ミソ"",""しお"",""す""}","食材を扱う老舗のお店です。新鮮な商品を取り揃えています。","ゆず味噌","地域の人も旅の人も、ほっとできる場所になれば嬉しいです。","昼前後まで出店。雨天は様子を見て判断します。雑談は控えめです。","🥕","第2・4日曜日",""
"100","食べ物のお店 100","小川 杏","north","99","33.557278","133.53085000000002","二丁目","食べ物","{""お餅"",""お菓子"",""焼き芋"",""たこ焼き""}","{""餅"",""もち"",""菓子"",""やきいも"",""焼芋"",""タコ焼き"",""タコヤキ""}","食べ物を扱う老舗のお店です。新鮮な商品を取り揃えています。","うつぼの唐揚げ","旬の恵みを届けたくて続けています。気軽に声をかけてください。","朝7時ごろから昼過ぎまで。雨天はお休みします。雑談は多めです。","🍙","毎週日曜日（雨天休み）",""
"101","道具・工具のお店 101","宮崎 智也","north","100","33.5572","133.53085000000002","二丁目","道具・工具","{""のこぎり"",""ナイフ"",""砥石"",""彫刻刀"",""ドライバー""}","{}","道具・工具を扱う老舗のお店です。新鮮な商品を取り揃えています。","なし","地元の味を守りたい一心で作っています。おすすめがあれば教えます。","午前中心に出店。雨天でも可能な限り営業します。雑談は控えめです。","🔪","月2回程度（SNSで告知）",""
"102","生活雑貨のお店 102","田村 玲央","north","101","33.557122","133.53085000000002","二丁目","生活雑貨","{""お箸"",""弁当箱"",""竹製品"",""布巾"",""ざる"",""かご""}","{""箸""}","生活雑貨を扱う老舗のお店です。新鮮な商品を取り揃えています。","なし","家族で営む小さなお店です。毎週の出会いを楽しみにしています。","朝早くから開けています。雨天時は短縮営業です。雑談はほどほどです。","🧶","毎週日曜日 7:00-14:00",""
"103","植物・苗のお店 103","原田 健太","north","102","33.557044","133.53085000000002","二丁目","植物・苗","{""植木鉢"",""トマト苗"",""ハーブ"",""花の苗"",""観葉植物"",""多肉植物"",""苗木""}","{""とまと苗""}","植物・苗を扱う老舗のお店です。新鮮な商品を取り揃えています。","なし","朝採れや作りたてを大切にしています。安心して選んでください。","毎週日曜の午前に出店。雨の日はお休みです。雑談は多めです。","🌱","不定期（月3回程度）",""
"104","アクセサリーのお店 104","杉山 葵","north","103","33.556966","133.53085000000002","二丁目","アクセサリー","{""ネックレス"",""ブレスレット"",""指輪"",""ヘアピン""}","{}","アクセサリーを扱う老舗のお店です。新鮮な商品を取り揃えています。","なし","地域の人も旅の人も、ほっとできる場所になれば嬉しいです。","昼前後まで出店。雨天は様子を見て判断します。雑談は控えめです。","💍","毎週日曜日（8月休業）","家族で営んでいる小さなお店です。いつも応援ありがとうございます！"
"105","手作り・工芸のお店 105","斎藤 幸子","north","104","33.556888","133.53085000000002","二丁目","手作り・工芸","{""刺繍"",""絵画"",""和紙"",""竹細工"",""ガラス細工""}","{}","手作り・工芸を扱う老舗のお店です。新鮮な商品を取り揃えています。","なし","旬の恵みを届けたくて続けています。気軽に声をかけてください。","朝7時ごろから昼過ぎまで。雨天はお休みします。雑談は多めです。","🎨","毎週日曜日","高知の美味しいものをたくさんの方に知ってもらいたいです。"
"106","食材のお店 106","中川 真一","north","105","33.55681","133.53085000000002","二丁目","食材","{""しょうゆ"",""味噌"",""塩"",""酢"",""油"",""だし""}","{""醤油"",""しょう油"",""ショウユ"",""みそ"",""ミソ"",""しお"",""す"",""あぶら"",""オイル"",""出汁"",""ダシ""}","食材を扱う老舗のお店です。新鮮な商品を取り揃えています。","うつぼの唐揚げ","地元の味を守りたい一心で作っています。おすすめがあれば教えます。","午前中心に出店。雨天でも可能な限り営業します。雑談は控えめです。","🥕","第1・3日曜日",""
"107","食べ物のお店 107","藤原 玲子","north","106","33.556732","133.53085000000002","二丁目","食べ物","{""パン"",""お餅"",""お菓子"",""焼き芋"",""たこ焼き"",""団子"",""おはぎ""}","{""ぱん"",""餅"",""もち"",""菓子"",""やきいも"",""焼芋"",""タコ焼き"",""タコヤキ"",""だんご"",""ダンゴ"",""お萩"",""オハギ""}","食べ物を扱う老舗のお店です。新鮮な商品を取り揃えています。","ぐる煮","家族で営む小さなお店です。毎週の出会いを楽しみにしています。","朝早くから開けています。雨天時は短縮営業です。雑談はほどほどです。","🍙","第2・4日曜日","昔ながらの製法を守り続けています。伝統の味をぜひご賞味ください。"
"108","道具・工具のお店 108","酒井 葵","north","107","33.556654","133.53085000000002","二丁目","道具・工具","{""ナイフ"",""砥石"",""彫刻刀"",""ドライバー""}","{}","道具・工具を扱う老舗のお店です。新鮮な商品を取り揃えています。","なし","朝採れや作りたてを大切にしています。安心して選んでください。","毎週日曜の午前に出店。雨の日はお休みです。雑談は多めです。","🔪","毎週日曜日（雨天休み）",""
"109","生活雑貨のお店 109","石井 悠斗","north","108","33.556576","133.53085000000002","一丁目","生活雑貨","{""弁当箱"",""竹製品"",""布巾"",""ざる"",""かご""}","{}","生活雑貨を扱う老舗のお店です。新鮮な商品を取り揃えています。","なし","地域の人も旅の人も、ほっとできる場所になれば嬉しいです。","昼前後まで出店。雨天は様子を見て判断します。雑談は控えめです。","🧶","月2回程度（SNSで告知）",""
"110","植物・苗のお店 110","柴田 直子","north","109","33.556498","133.53085000000002","一丁目","植物・苗","{""トマト苗"",""ハーブ"",""花の苗"",""観葉植物"",""多肉植物"",""苗木""}","{""とまと苗""}","植物・苗を扱う老舗のお店です。新鮮な商品を取り揃えています。","なし","旬の恵みを届けたくて続けています。気軽に声をかけてください。","朝7時ごろから昼過ぎまで。雨天はお休みします。雑談は多めです。","🌱","毎週日曜日 7:00-14:00",""
"111","アクセサリーのお店 111","山下 直樹","north","110","33.55642","133.53085000000002","一丁目","アクセサリー","{""ブレスレット"",""指輪"",""ヘアピン"",""かんざし"",""ブローチ"",""イヤリング"",""チャーム""}","{}","アクセサリーを扱う老舗のお店です。新鮮な商品を取り揃えています。","なし","地元の味を守りたい一心で作っています。おすすめがあれば教えます。","午前中心に出店。雨天でも可能な限り営業します。雑談は控えめです。","💍","不定期（月3回程度）",""
"112","手作り・工芸のお店 112","安藤 海斗","north","111","33.556342","133.53085000000002","一丁目","手作り・工芸","{""絵画"",""和紙"",""竹細工"",""ガラス細工""}","{}","手作り・工芸を扱う老舗のお店です。新鮮な商品を取り揃えています。","なし","家族で営む小さなお店です。毎週の出会いを楽しみにしています。","朝早くから開けています。雨天時は短縮営業です。雑談はほどほどです。","🎨","毎週日曜日（8月休業）",""
"113","食材のお店 113","藤原 麻衣","north","112","33.556264","133.53085000000002","一丁目","食材","{""酢"",""油"",""だし"",""レタス"",""トマト""}","{""す"",""あぶら"",""オイル"",""出汁"",""ダシ"",""れたす"",""とまと""}","食材を扱う老舗のお店です。新鮮な商品を取り揃えています。","ぐる煮","朝採れや作りたてを大切にしています。安心して選んでください。","毎週日曜の午前に出店。雨の日はお休みです。雑談は多めです。","🥕","毎週日曜日","手作りにこだわった商品ばかりです。一つ一つ心を込めて作っています。"
"114","食べ物のお店 114","金子 聡","north","113","33.556186","133.53085000000002","一丁目","食べ物","{""お弁当"",""パン"",""お餅"",""お菓子"",""焼き芋"",""たこ焼き""}","{""弁当"",""ぱん"",""餅"",""もち"",""菓子"",""やきいも"",""焼芋"",""タコ焼き"",""タコヤキ""}","食べ物を扱う老舗のお店です。新鮮な商品を取り揃えています。","かつおのたたき","地域の人も旅の人も、ほっとできる場所になれば嬉しいです。","昼前後まで出店。雨天は様子を見て判断します。雑談は控えめです。","🍙","第1・3日曜日",""
"115","道具・工具のお店 115","小林 亮","north","114","33.556108","133.53085000000002","一丁目","道具・工具","{""砥石"",""彫刻刀"",""ドライバー"",""スコップ"",""剪定鋏"",""包丁"",""はさみ""}","{}","道具・工具を扱う老舗のお店です。新鮮な商品を取り揃えています。","なし","旬の恵みを届けたくて続けています。気軽に声をかけてください。","朝7時ごろから昼過ぎまで。雨天はお休みします。雑談は多めです。","🔪","第2・4日曜日",""
"116","生活雑貨のお店 116","菅原 香織","north","115","33.55603","133.53085000000002","一丁目","生活雑貨","{""竹製品"",""布巾"",""ざる"",""かご""}","{}","生活雑貨を扱う老舗のお店です。新鮮な商品を取り揃えています。","なし","地元の味を守りたい一心で作っています。おすすめがあれば教えます。","午前中心に出店。雨天でも可能な限り営業します。雑談は控えめです。","🧶","毎週日曜日（雨天休み）",""
"117","植物・苗のお店 117","鈴木 葵","north","116","33.555952","133.53085000000002","一丁目","植物・苗","{""ハーブ"",""花の苗"",""観葉植物"",""多肉植物"",""苗木""}","{}","植物・苗を扱う老舗のお店です。新鮮な商品を取り揃えています。","なし","家族で営む小さなお店です。毎週の出会いを楽しみにしています。","朝早くから開けています。雨天時は短縮営業です。雑談はほどほどです。","🌱","月2回程度（SNSで告知）","昔ながらの製法を守り続けています。伝統の味をぜひご賞味ください。"
"118","アクセサリーのお店 118","清水 沙耶","north","117","33.555874","133.53085000000002","一丁目","アクセサリー","{""指輪"",""ヘアピン"",""かんざし"",""ブローチ"",""イヤリング"",""チャーム""}","{}","アクセサリーを扱う老舗のお店です。新鮮な商品を取り揃えています。","なし","朝採れや作りたてを大切にしています。安心して選んでください。","毎週日曜の午前に出店。雨の日はお休みです。雑談は多めです。","💍","毎週日曜日 7:00-14:00",""
"119","手作り・工芸のお店 119","渡辺 莉央","north","118","33.555796","133.53085000000002","一丁目","手作り・工芸","{""和紙"",""竹細工"",""ガラス細工"",""陶器"",""木工品"",""染物"",""編み物""}","{}","手作り・工芸を扱う老舗のお店です。新鮮な商品を取り揃えています。","なし","地域の人も旅の人も、ほっとできる場所になれば嬉しいです。","昼前後まで出店。雨天は様子を見て判断します。雑談は控えめです。","🎨","不定期（月3回程度）","地元で愛されて50年。変わらぬ味を提供し続けます。"
"120","食材のお店 120","山内 律","north","119","33.555718","133.53085000000002","一丁目","食材","{""レタス"",""トマト"",""にんじん"",""みかん""}","{""れたす"",""とまと"",""ニンジン"",""人参"",""ミカン""}","食材を扱う老舗のお店です。新鮮な商品を取り揃えています。","かつおのたたき","旬の恵みを届けたくて続けています。気軽に声をかけてください。","朝7時ごろから昼過ぎまで。雨天はお休みします。雑談は多めです。","🥕","毎週日曜日（8月休業）",""
"121","食べ物のお店 121","福田 春香","north","120","33.55564","133.53085000000002","一丁目","食べ物","{""おにぎり"",""お弁当"",""パン"",""お餅"",""お菓子""}","{""おむすび"",""オニギリ"",""オムスビ"",""お握り"",""弁当"",""ぱん"",""餅"",""もち"",""菓子""}","食べ物を扱う老舗のお店です。新鮮な商品を取り揃えています。","いなか寿司","地元の味を守りたい一心で作っています。おすすめがあれば教えます。","午前中心に出店。雨天でも可能な限り営業します。雑談は控えめです。","🍙","毎週日曜日",""
"122","道具・工具のお店 122","中野 紗希","north","121","33.555562","133.53085000000002","一丁目","道具・工具","{""彫刻刀"",""ドライバー"",""スコップ"",""剪定鋏"",""包丁"",""はさみ""}","{}","道具・工具を扱う老舗のお店です。新鮮な商品を取り揃えています。","なし","家族で営む小さなお店です。毎週の出会いを楽しみにしています。","朝早くから開けています。雨天時は短縮営業です。雑談はほどほどです。","🔪","第1・3日曜日",""
"123","生活雑貨のお店 123","渡辺 悠","north","122","33.555484","133.53085000000002","一丁目","生活雑貨","{""布巾"",""ざる"",""かご"",""ほうき"",""タオル"",""石鹸"",""食器""}","{}","生活雑貨を扱う老舗のお店です。新鮮な商品を取り揃えています。","なし","朝採れや作りたてを大切にしています。安心して選んでください。","毎週日曜の午前に出店。雨の日はお休みです。雑談は多めです。","🧶","第2・4日曜日",""
"124","植物・苗のお店 124","高木 綾","north","123","33.555406","133.53085000000002","一丁目","植物・苗","{""花の苗"",""観葉植物"",""多肉植物"",""苗木""}","{}","植物・苗を扱う老舗のお店です。新鮮な商品を取り揃えています。","なし","地域の人も旅の人も、ほっとできる場所になれば嬉しいです。","昼前後まで出店。雨天は様子を見て判断します。雑談は控えめです。","🌱","毎週日曜日（雨天休み）",""
"125","アクセサリーのお店 125","大西 真由","north","124","33.555328","133.53085000000002","一丁目","アクセサリー","{""ヘアピン"",""かんざし"",""ブローチ"",""イヤリング"",""チャーム""}","{}","アクセサリーを扱う老舗のお店です。新鮮な商品を取り揃えています。","なし","旬の恵みを届けたくて続けています。気軽に声をかけてください。","朝7時ごろから昼過ぎまで。雨天はお休みします。雑談は多めです。","💍","月2回程度（SNSで告知）",""
"126","手作り・工芸のお店 126","上田 玲","north","125","33.55525","133.53085000000002","一丁目","手作り・工芸","{""竹細工"",""ガラス細工"",""陶器"",""木工品"",""染物"",""編み物""}","{}","手作り・工芸を扱う老舗のお店です。新鮮な商品を取り揃えています。","なし","地元の味を守りたい一心で作っています。おすすめがあれば教えます。","午前中心に出店。雨天でも可能な限り営業します。雑談は控えめです。","🎨","毎週日曜日 7:00-14:00",""
"127","食材のお店 127","鈴木 美咲","north","126","33.555172","133.53085000000002","一丁目","食材","{""みかん"",""りんご"",""バナナ"",""ぶどう"",""梨"",""なす"",""きゅうり""}","{""ミカン"",""リンゴ"",""林檎"",""ばなな"",""ブドウ"",""葡萄"",""なし"",""ナス"",""茄子"",""キュウリ""}","食材を扱う老舗のお店です。新鮮な商品を取り揃えています。","いなか寿司","家族で営む小さなお店です。毎週の出会いを楽しみにしています。","朝早くから開けています。雨天時は短縮営業です。雑談はほどほどです。","🥕","不定期（月3回程度）","昔ながらの製法を守り続けています。伝統の味をぜひご賞味ください。"
"128","食べ物のお店 128","金子 優子","north","127","33.555094","133.53085000000002","一丁目","食べ物","{""いも天"",""おにぎり"",""お弁当"",""パン""}","{""イモ天"",""芋天"",""おむすび"",""オニギリ"",""オムスビ"",""お握り"",""弁当"",""ぱん""}","食べ物を扱う老舗のお店です。新鮮な商品を取り揃えています。","皿鉢料理","朝採れや作りたてを大切にしています。安心して選んでください。","毎週日曜の午前に出店。雨の日はお休みです。雑談は多めです。","🍙","毎週日曜日（8月休業）",""
"129","道具・工具のお店 129","大西 亜美","north","128","33.555016","133.53085000000002","一丁目","道具・工具","{""ドライバー"",""スコップ"",""剪定鋏"",""包丁"",""はさみ""}","{}","道具・工具を扱う老舗のお店です。新鮮な商品を取り揃えています。","なし","地域の人も旅の人も、ほっとできる場所になれば嬉しいです。","昼前後まで出店。雨天は様子を見て判断します。雑談は控えめです。","🔪","毎週日曜日","地元で愛されて50年。変わらぬ味を提供し続けます。"
"130","生活雑貨のお店 130","太田 翼","north","129","33.554938","133.53085000000002","七丁目","生活雑貨","{""ざる"",""かご"",""ほうき"",""タオル"",""石鹸"",""食器""}","{}","生活雑貨を扱う老舗のお店です。新鮮な商品を取り揃えています。","なし","旬の恵みを届けたくて続けています。気軽に声をかけてください。","朝7時ごろから昼過ぎまで。雨天はお休みします。雑談は多めです。","🧶","第1・3日曜日",""
"131","植物・苗のお店 131","山本 玲央","north","130","33.55486","133.53085000000002","七丁目","植物・苗","{""観葉植物"",""多肉植物"",""苗木"",""種"",""球根"",""肥料"",""植木鉢""}","{}","植物・苗を扱う老舗のお店です。新鮮な商品を取り揃えています。","なし","地元の味を守りたい一心で作っています。おすすめがあれば教えます。","午前中心に出店。雨天でも可能な限り営業します。雑談は控えめです。","🌱","第2・4日曜日",""
"132","アクセサリーのお店 132","小野 悠","north","131","33.554782","133.53085000000002","七丁目","アクセサリー","{""かんざし"",""ブローチ"",""イヤリング"",""チャーム""}","{}","アクセサリーを扱う老舗のお店です。新鮮な商品を取り揃えています。","なし","家族で営む小さなお店です。毎週の出会いを楽しみにしています。","朝早くから開けています。雨天時は短縮営業です。雑談はほどほどです。","💍","毎週日曜日（雨天休み）",""
"133","手作り・工芸のお店 133","桜井 陽子","north","132","33.554704","133.53085000000002","七丁目","手作り・工芸","{""ガラス細工"",""陶器"",""木工品"",""染物"",""編み物""}","{}","手作り・工芸を扱う老舗のお店です。新鮮な商品を取り揃えています。","なし","朝採れや作りたてを大切にしています。安心して選んでください。","毎週日曜の午前に出店。雨の日はお休みです。雑談は多めです。","🎨","月2回程度（SNSで告知）","手作りにこだわった商品ばかりです。一つ一つ心を込めて作っています。"
"134","食材のお店 134","小川 莉央","north","133","33.554626","133.53085000000002","七丁目","食材","{""ぶどう"",""梨"",""なす"",""きゅうり"",""じゃがいも"",""玉ねぎ""}","{""ブドウ"",""葡萄"",""なし"",""ナス"",""茄子"",""キュウリ"",""ジャガイモ"",""馬鈴薯"",""じゃが芋"",""たまねぎ"",""タマネギ"",""玉葱""}","食材を扱う老舗のお店です。新鮮な商品を取り揃えています。","皿鉢料理","地域の人も旅の人も、ほっとできる場所になれば嬉しいです。","昼前後まで出店。雨天は様子を見て判断します。雑談は控えめです。","🥕","毎週日曜日 7:00-14:00","家族で営んでいる小さなお店です。いつも応援ありがとうございます！"
"135","食べ物のお店 135","原 大悟","north","134","33.554548","133.53085000000002","七丁目","食べ物","{""アイスクリーム"",""いも天"",""おにぎり"",""お弁当"",""パン"",""お餅"",""お菓子""}","{""アイス"",""あいす"",""イモ天"",""芋天"",""おむすび"",""オニギリ"",""オムスビ"",""お握り"",""弁当"",""ぱん"",""餅"",""もち"",""菓子""}","食べ物を扱う老舗のお店です。新鮮な商品を取り揃えています。","ゆず味噌","旬の恵みを届けたくて続けています。気軽に声をかけてください。","朝7時ごろから昼過ぎまで。雨天はお休みします。雑談は多めです。","🍙","不定期（月3回程度）",""
"136","道具・工具のお店 136","松田 陽","north","135","33.55447","133.53085000000002","七丁目","道具・工具","{""スコップ"",""剪定鋏"",""包丁"",""はさみ""}","{}","道具・工具を扱う老舗のお店です。新鮮な商品を取り揃えています。","なし","地元の味を守りたい一心で作っています。おすすめがあれば教えます。","午前中心に出店。雨天でも可能な限り営業します。雑談は控えめです。","🔪","毎週日曜日（8月休業）",""
"137","生活雑貨のお店 137","田村 修","north","136","33.554392","133.53085000000002","七丁目","生活雑貨","{""かご"",""ほうき"",""タオル"",""石鹸"",""食器""}","{}","生活雑貨を扱う老舗のお店です。新鮮な商品を取り揃えています。","なし","家族で営む小さなお店です。毎週の出会いを楽しみにしています。","朝早くから開けています。雨天時は短縮営業です。雑談はほどほどです。","🧶","毎週日曜日","昔ながらの製法を守り続けています。伝統の味をぜひご賞味ください。"
"138","植物・苗のお店 138","田中 夏美","north","137","33.554314","133.53085000000002","七丁目","植物・苗","{""多肉植物"",""苗木"",""種"",""球根"",""肥料"",""植木鉢""}","{}","植物・苗を扱う老舗のお店です。新鮮な商品を取り揃えています。","なし","朝採れや作りたてを大切にしています。安心して選んでください。","毎週日曜の午前に出店。雨の日はお休みです。雑談は多めです。","🌱","第1・3日曜日",""
"139","アクセサリーのお店 139","水野 紗希","north","138","33.554236","133.53085000000002","七丁目","アクセサリー","{""ブローチ"",""イヤリング"",""チャーム"",""アクセサリー"",""ピアス"",""ネックレス"",""ブレスレット""}","{}","アクセサリーを扱う老舗のお店です。新鮮な商品を取り揃えています。","なし","地域の人も旅の人も、ほっとできる場所になれば嬉しいです。","昼前後まで出店。雨天は様子を見て判断します。雑談は控えめです。","💍","第2・4日曜日","地元で愛されて50年。変わらぬ味を提供し続けます。"
"140","手作り・工芸のお店 140","大野 晴香","north","139","33.554158","133.53085000000002","七丁目","手作り・工芸","{""陶器"",""木工品"",""染物"",""編み物""}","{}","手作り・工芸を扱う老舗のお店です。新鮮な商品を取り揃えています。","なし","旬の恵みを届けたくて続けています。気軽に声をかけてください。","朝7時ごろから昼過ぎまで。雨天はお休みします。雑談は多めです。","🎨","毎週日曜日（雨天休み）",""
"141","食材のお店 141","工藤 結衣","north","140","33.55408","133.53085000000002","七丁目","食材","{""きゅうり"",""じゃがいも"",""玉ねぎ"",""しょうゆ"",""味噌""}","{""キュウリ"",""ジャガイモ"",""馬鈴薯"",""じゃが芋"",""たまねぎ"",""タマネギ"",""玉葱"",""醤油"",""しょう油"",""ショウユ"",""みそ"",""ミソ""}","食材を扱う老舗のお店です。新鮮な商品を取り揃えています。","ゆず味噌","地元の味を守りたい一心で作っています。おすすめがあれば教えます。","午前中心に出店。雨天でも可能な限り営業します。雑談は控えめです。","🥕","月2回程度（SNSで告知）",""
"142","食べ物のお店 142","佐野 茜","north","141","33.554002","133.53085000000002","七丁目","食べ物","{""おはぎ"",""アイスクリーム"",""いも天"",""おにぎり"",""お弁当"",""パン""}","{""お萩"",""オハギ"",""アイス"",""あいす"",""イモ天"",""芋天"",""おむすび"",""オニギリ"",""オムスビ"",""お握り"",""弁当"",""ぱん""}","食べ物を扱う老舗のお店です。新鮮な商品を取り揃えています。","うつぼの唐揚げ","家族で営む小さなお店です。毎週の出会いを楽しみにしています。","朝早くから開けています。雨天時は短縮営業です。雑談はほどほどです。","🍙","毎週日曜日 7:00-14:00","30年以上この場所で商いをしております。品質には自信があります。"
"143","道具・工具のお店 143","渡辺 恵","north","142","33.553924","133.53085000000002","七丁目","道具・工具","{""剪定鋏"",""包丁"",""はさみ"",""鎌"",""のこぎり"",""ナイフ"",""砥石""}","{}","道具・工具を扱う老舗のお店です。新鮮な商品を取り揃えています。","なし","朝採れや作りたてを大切にしています。安心して選んでください。","毎週日曜の午前に出店。雨の日はお休みです。雑談は多めです。","🔪","不定期（月3回程度）",""
"144","生活雑貨のお店 144","谷口 優","north","143","33.553846","133.53085000000002","七丁目","生活雑貨","{""ほうき"",""タオル"",""石鹸"",""食器""}","{}","生活雑貨を扱う老舗のお店です。新鮮な商品を取り揃えています。","なし","地域の人も旅の人も、ほっとできる場所になれば嬉しいです。","昼前後まで出店。雨天は様子を見て判断します。雑談は控えめです。","🧶","毎週日曜日（8月休業）","家族で営んでいる小さなお店です。いつも応援ありがとうございます！"
"145","植物・苗のお店 145","吉川 悠斗","north","144","33.553768","133.53085000000002","七丁目","植物・苗","{""苗木"",""種"",""球根"",""肥料"",""植木鉢""}","{}","植物・苗を扱う老舗のお店です。新鮮な商品を取り揃えています。","なし","旬の恵みを届けたくて続けています。気軽に声をかけてください。","朝7時ごろから昼過ぎまで。雨天はお休みします。雑談は多めです。","🌱","毎週日曜日",""
"146","アクセサリーのお店 146","藤井 海","north","145","33.55369","133.53085000000002","七丁目","アクセサリー","{""イヤリング"",""チャーム"",""アクセサリー"",""ピアス"",""ネックレス"",""ブレスレット""}","{}","アクセサリーを扱う老舗のお店です。新鮮な商品を取り揃えています。","なし","地元の味を守りたい一心で作っています。おすすめがあれば教えます。","午前中心に出店。雨天でも可能な限り営業します。雑談は控えめです。","💍","第1・3日曜日",""
"147","手作り・工芸のお店 147","鈴木 真一","north","146","33.553612","133.53085000000002","七丁目","手作り・工芸","{""木工品"",""染物"",""編み物"",""革製品"",""刺繍"",""絵画"",""和紙""}","{}","手作り・工芸を扱う老舗のお店です。新鮮な商品を取り揃えています。","なし","家族で営む小さなお店です。毎週の出会いを楽しみにしています。","朝早くから開けています。雨天時は短縮営業です。雑談はほどほどです。","🎨","第2・4日曜日",""
"148","食材のお店 148","池田 健吾","north","147","33.553534","133.53085000000002","七丁目","食材","{""しょうゆ"",""味噌"",""塩"",""酢""}","{""醤油"",""しょう油"",""ショウユ"",""みそ"",""ミソ"",""しお"",""す""}","食材を扱う老舗のお店です。新鮮な商品を取り揃えています。","うつぼの唐揚げ","朝採れや作りたてを大切にしています。安心して選んでください。","毎週日曜の午前に出店。雨の日はお休みです。雑談は多めです。","🥕","毎週日曜日（雨天休み）",""
"149","食べ物のお店 149","渡部 奈々","north","148","33.553456","133.53085000000002","七丁目","食べ物","{""団子"",""おはぎ"",""アイスクリーム"",""いも天"",""おにぎり""}","{""だんご"",""ダンゴ"",""お萩"",""オハギ"",""アイス"",""あいす"",""イモ天"",""芋天"",""おむすび"",""オニギリ"",""オムスビ"",""お握り""}","食べ物を扱う老舗のお店です。新鮮な商品を取り揃えています。","ぐる煮","地域の人も旅の人も、ほっとできる場所になれば嬉しいです。","昼前後まで出店。雨天は様子を見て判断します。雑談は控えめです。","🍙","月2回程度（SNSで告知）",""
"150","道具・工具のお店 150","渡辺 太郎","north","149","33.553378","133.53085000000002","七丁目","道具・工具","{""包丁"",""はさみ"",""鎌"",""のこぎり"",""ナイフ"",""砥石""}","{}","道具・工具を扱う老舗のお店です。新鮮な商品を取り揃えています。","なし","旬の恵みを届けたくて続けています。気軽に声をかけてください。","朝7時ごろから昼過ぎまで。雨天はお休みします。雑談は多めです。","🔪","毎週日曜日 7:00-14:00","無農薬・有機栽培にこだわっています。安心安全な野菜をどうぞ。"
"151","食材のお店 151","山本 玲子","south","0","33.565","133.53115","六丁目","食材","{""みかん"",""りんご"",""バナナ"",""ぶどう"",""梨"",""なす"",""きゅうり""}","{""ミカン"",""リンゴ"",""林檎"",""ばなな"",""ブドウ"",""葡萄"",""なし"",""ナス"",""茄子"",""キュウリ""}","食材を扱う老舗のお店です。新鮮な商品を取り揃えています。","いなか寿司","地元の味を守りたい一心で作っています。おすすめがあれば教えます。","午前中心に出店。雨天でも可能な限り営業します。雑談は控えめです。","🥕","毎週日曜日（雨天休み）",""
"152","食べ物のお店 152","森田 玲","south","1","33.564921999999996","133.53115","六丁目","食べ物","{""焼き芋"",""たこ焼き"",""団子"",""おはぎ""}","{""やきいも"",""焼芋"",""タコ焼き"",""タコヤキ"",""だんご"",""ダンゴ"",""お萩"",""オハギ""}","食べ物を扱う老舗のお店です。新鮮な商品を取り揃えています。","皿鉢料理","家族で営む小さなお店です。毎週の出会いを楽しみにしています。","朝早くから開けています。雨天時は短縮営業です。雑談はほどほどです。","🍙","月2回程度（SNSで告知）","昔ながらの製法を守り続けています。伝統の味をぜひご賞味ください。"
"153","道具・工具のお店 153","河野 智也","south","2","33.564844","133.53115","六丁目","道具・工具","{""剪定鋏"",""包丁"",""はさみ"",""鎌"",""のこぎり""}","{}","道具・工具を扱う老舗のお店です。新鮮な商品を取り揃えています。","なし","朝採れや作りたてを大切にしています。安心して選んでください。","毎週日曜の午前に出店。雨の日はお休みです。雑談は多めです。","🔪","毎週日曜日 7:00-14:00","お客様との会話が何より楽しみです。気軽にお立ち寄りください！"
"154","生活雑貨のお店 154","杉山 誠","south","3","33.564766","133.53115","六丁目","生活雑貨","{""ほうき"",""タオル"",""石鹸"",""食器"",""お箸"",""弁当箱""}","{""箸""}","生活雑貨を扱う老舗のお店です。新鮮な商品を取り揃えています。","なし","地域の人も旅の人も、ほっとできる場所になれば嬉しいです。","昼前後まで出店。雨天は様子を見て判断します。雑談は控えめです。","🧶","不定期（月3回程度）",""
"155","植物・苗のお店 155","坂本 優","south","4","33.564688","133.53115","六丁目","植物・苗","{""苗木"",""種"",""球根"",""肥料"",""植木鉢"",""トマト苗"",""ハーブ""}","{""とまと苗""}","植物・苗を扱う老舗のお店です。新鮮な商品を取り揃えています。","なし","旬の恵みを届けたくて続けています。気軽に声をかけてください。","朝7時ごろから昼過ぎまで。雨天はお休みします。雑談は多めです。","🌱","毎週日曜日（8月休業）",""
"156","アクセサリーのお店 156","佐野 俊介","south","5","33.564609999999995","133.53115","六丁目","アクセサリー","{""イヤリング"",""チャーム"",""アクセサリー"",""ピアス""}","{}","アクセサリーを扱う老舗のお店です。新鮮な商品を取り揃えています。","なし","地元の味を守りたい一心で作っています。おすすめがあれば教えます。","午前中心に出店。雨天でも可能な限り営業します。雑談は控えめです。","💍","毎週日曜日",""
"157","手作り・工芸のお店 157","今井 陽","south","6","33.564532","133.53115","六丁目","手作り・工芸","{""木工品"",""染物"",""編み物"",""革製品"",""刺繍""}","{}","手作り・工芸を扱う老舗のお店です。新鮮な商品を取り揃えています。","なし","家族で営む小さなお店です。毎週の出会いを楽しみにしています。","朝早くから開けています。雨天時は短縮営業です。雑談はほどほどです。","🎨","第1・3日曜日",""
"158","食材のお店 158","山内 直美","south","7","33.564454","133.53115","六丁目","食材","{""ぶどう"",""梨"",""なす"",""きゅうり"",""じゃがいも"",""玉ねぎ""}","{""ブドウ"",""葡萄"",""なし"",""ナス"",""茄子"",""キュウリ"",""ジャガイモ"",""馬鈴薯"",""じゃが芋"",""たまねぎ"",""タマネギ"",""玉葱""}","食材を扱う老舗のお店です。新鮮な商品を取り揃えています。","皿鉢料理","朝採れや作りたてを大切にしています。安心して選んでください。","毎週日曜の午前に出店。雨の日はお休みです。雑談は多めです。","🥕","第2・4日曜日","手作りにこだわった商品ばかりです。一つ一つ心を込めて作っています。"
"159","食べ物のお店 159","丸山 紗希","south","8","33.564375999999996","133.53115","六丁目","食べ物","{""お菓子"",""焼き芋"",""たこ焼き"",""団子"",""おはぎ"",""アイスクリーム"",""いも天""}","{""菓子"",""やきいも"",""焼芋"",""タコ焼き"",""タコヤキ"",""だんご"",""ダンゴ"",""お萩"",""オハギ"",""アイス"",""あいす"",""イモ天"",""芋天""}","食べ物を扱う老舗のお店です。新鮮な商品を取り揃えています。","ゆず味噌","地域の人も旅の人も、ほっとできる場所になれば嬉しいです。","昼前後まで出店。雨天は様子を見て判断します。雑談は控えめです。","🍙","毎週日曜日（雨天休み）",""
"160","道具・工具のお店 160","上田 紗希","south","9","33.564298","133.53115","六丁目","道具・工具","{""包丁"",""はさみ"",""鎌"",""のこぎり""}","{}","道具・工具を扱う老舗のお店です。新鮮な商品を取り揃えています。","なし","旬の恵みを届けたくて続けています。気軽に声をかけてください。","朝7時ごろから昼過ぎまで。雨天はお休みします。雑談は多めです。","🔪","月2回程度（SNSで告知）",""
"161","生活雑貨のお店 161","小林 涼","south","10","33.56422","133.53115","六丁目","生活雑貨","{""タオル"",""石鹸"",""食器"",""お箸"",""弁当箱""}","{""箸""}","生活雑貨を扱う老舗のお店です。新鮮な商品を取り揃えています。","なし","地元の味を守りたい一心で作っています。おすすめがあれば教えます。","午前中心に出店。雨天でも可能な限り営業します。雑談は控えめです。","🧶","毎週日曜日 7:00-14:00",""
"162","植物・苗のお店 162","渡辺 直樹","south","11","33.564142","133.53115","六丁目","植物・苗","{""種"",""球根"",""肥料"",""植木鉢"",""トマト苗"",""ハーブ""}","{""とまと苗""}","植物・苗を扱う老舗のお店です。新鮮な商品を取り揃えています。","なし","家族で営む小さなお店です。毎週の出会いを楽しみにしています。","朝早くから開けています。雨天時は短縮営業です。雑談はほどほどです。","🌱","不定期（月3回程度）","昔ながらの製法を守り続けています。伝統の味をぜひご賞味ください。"
"163","アクセサリーのお店 163","中島 愛菜","south","12","33.564063999999995","133.53115","六丁目","アクセサリー","{""チャーム"",""アクセサリー"",""ピアス"",""ネックレス"",""ブレスレット"",""指輪"",""ヘアピン""}","{}","アクセサリーを扱う老舗のお店です。新鮮な商品を取り揃えています。","なし","朝採れや作りたてを大切にしています。安心して選んでください。","毎週日曜の午前に出店。雨の日はお休みです。雑談は多めです。","💍","毎週日曜日（8月休業）",""
"164","手作り・工芸のお店 164","松井 健","south","13","33.563986","133.53115","六丁目","手作り・工芸","{""染物"",""編み物"",""革製品"",""刺繍""}","{}","手作り・工芸を扱う老舗のお店です。新鮮な商品を取り揃えています。","なし","地域の人も旅の人も、ほっとできる場所になれば嬉しいです。","昼前後まで出店。雨天は様子を見て判断します。雑談は控えめです。","🎨","毎週日曜日",""
"165","食材のお店 165","石田 真由","south","14","33.563908","133.53115","六丁目","食材","{""きゅうり"",""じゃがいも"",""玉ねぎ"",""しょうゆ"",""味噌""}","{""キュウリ"",""ジャガイモ"",""馬鈴薯"",""じゃが芋"",""たまねぎ"",""タマネギ"",""玉葱"",""醤油"",""しょう油"",""ショウユ"",""みそ"",""ミソ""}","食材を扱う老舗のお店です。新鮮な商品を取り揃えています。","ゆず味噌","旬の恵みを届けたくて続けています。気軽に声をかけてください。","朝7時ごろから昼過ぎまで。雨天はお休みします。雑談は多めです。","🥕","第1・3日曜日",""
"166","食べ物のお店 166","島田 結衣","south","15","33.563829999999996","133.53115","六丁目","食べ物","{""お餅"",""お菓子"",""焼き芋"",""たこ焼き"",""団子"",""おはぎ""}","{""餅"",""もち"",""菓子"",""やきいも"",""焼芋"",""タコ焼き"",""タコヤキ"",""だんご"",""ダンゴ"",""お萩"",""オハギ""}","食べ物を扱う老舗のお店です。新鮮な商品を取り揃えています。","うつぼの唐揚げ","地元の味を守りたい一心で作っています。おすすめがあれば教えます。","午前中心に出店。雨天でも可能な限り営業します。雑談は控えめです。","🍙","第2・4日曜日",""
"167","道具・工具のお店 167","安藤 光希","south","16","33.563752","133.53115","六丁目","道具・工具","{""はさみ"",""鎌"",""のこぎり"",""ナイフ"",""砥石"",""彫刻刀"",""ドライバー""}","{}","道具・工具を扱う老舗のお店です。新鮮な商品を取り揃えています。","なし","家族で営む小さなお店です。毎週の出会いを楽しみにしています。","朝早くから開けています。雨天時は短縮営業です。雑談はほどほどです。","🔪","毎週日曜日（雨天休み）",""
"168","生活雑貨のお店 168","野村 莉央","south","17","33.563674","133.53115","六丁目","生活雑貨","{""石鹸"",""食器"",""お箸"",""弁当箱""}","{""箸""}","生活雑貨を扱う老舗のお店です。新鮮な商品を取り揃えています。","なし","朝採れや作りたてを大切にしています。安心して選んでください。","毎週日曜の午前に出店。雨の日はお休みです。雑談は多めです。","🧶","月2回程度（SNSで告知）","手作りにこだわった商品ばかりです。一つ一つ心を込めて作っています。"
"169","植物・苗のお店 169","上田 晴香","south","18","33.563596","133.53115","六丁目","植物・苗","{""球根"",""肥料"",""植木鉢"",""トマト苗"",""ハーブ""}","{""とまと苗""}","植物・苗を扱う老舗のお店です。新鮮な商品を取り揃えています。","なし","地域の人も旅の人も、ほっとできる場所になれば嬉しいです。","昼前後まで出店。雨天は様子を見て判断します。雑談は控えめです。","🌱","毎週日曜日 7:00-14:00","家族で営んでいる小さなお店です。いつも応援ありがとうございます！"
"170","アクセサリーのお店 170","青木 健","south","19","33.563517999999995","133.53115","六丁目","アクセサリー","{""アクセサリー"",""ピアス"",""ネックレス"",""ブレスレット"",""指輪"",""ヘアピン""}","{}","アクセサリーを扱う老舗のお店です。新鮮な商品を取り揃えています。","なし","旬の恵みを届けたくて続けています。気軽に声をかけてください。","朝7時ごろから昼過ぎまで。雨天はお休みします。雑談は多めです。","💍","不定期（月3回程度）",""
"171","手作り・工芸のお店 171","吉田 直人","south","20","33.56344","133.53115","六丁目","手作り・工芸","{""編み物"",""革製品"",""刺繍"",""絵画"",""和紙"",""竹細工"",""ガラス細工""}","{}","手作り・工芸を扱う老舗のお店です。新鮮な商品を取り揃えています。","なし","地元の味を守りたい一心で作っています。おすすめがあれば教えます。","午前中心に出店。雨天でも可能な限り営業します。雑談は控えめです。","🎨","毎週日曜日（8月休業）",""
"172","食材のお店 172","斎藤 紗希","south","21","33.563362","133.53115","六丁目","食材","{""しょうゆ"",""味噌"",""塩"",""酢""}","{""醤油"",""しょう油"",""ショウユ"",""みそ"",""ミソ"",""しお"",""す""}","食材を扱う老舗のお店です。新鮮な商品を取り揃えています。","うつぼの唐揚げ","家族で営む小さなお店です。毎週の出会いを楽しみにしています。","朝早くから開けています。雨天時は短縮営業です。雑談はほどほどです。","🥕","毎週日曜日",""
"173","食べ物のお店 173","石田 大悟","south","22","33.563283999999996","133.53115","五丁目","食べ物","{""パン"",""お餅"",""お菓子"",""焼き芋"",""たこ焼き""}","{""ぱん"",""餅"",""もち"",""菓子"",""やきいも"",""焼芋"",""タコ焼き"",""タコヤキ""}","食べ物を扱う老舗のお店です。新鮮な商品を取り揃えています。","ぐる煮","朝採れや作りたてを大切にしています。安心して選んでください。","毎週日曜の午前に出店。雨の日はお休みです。雑談は多めです。","🍙","第1・3日曜日",""
"174","道具・工具のお店 174","中山 玲央","south","23","33.563206","133.53115","五丁目","道具・工具","{""鎌"",""のこぎり"",""ナイフ"",""砥石"",""彫刻刀"",""ドライバー""}","{}","道具・工具を扱う老舗のお店です。新鮮な商品を取り揃えています。","なし","地域の人も旅の人も、ほっとできる場所になれば嬉しいです。","昼前後まで出店。雨天は様子を見て判断します。雑談は控えめです。","🔪","第2・4日曜日",""
"175","生活雑貨のお店 175","小川 桜","south","24","33.563128","133.53115","五丁目","生活雑貨","{""食器"",""お箸"",""弁当箱"",""竹製品"",""布巾"",""ざる"",""かご""}","{""箸""}","生活雑貨を扱う老舗のお店です。新鮮な商品を取り揃えています。","なし","旬の恵みを届けたくて続けています。気軽に声をかけてください。","朝7時ごろから昼過ぎまで。雨天はお休みします。雑談は多めです。","🧶","毎週日曜日（雨天休み）","無農薬・有機栽培にこだわっています。安心安全な野菜をどうぞ。"
"176","植物・苗のお店 176","小野 徹","south","25","33.56305","133.53115","五丁目","植物・苗","{""肥料"",""植木鉢"",""トマト苗"",""ハーブ""}","{""とまと苗""}","植物・苗を扱う老舗のお店です。新鮮な商品を取り揃えています。","なし","地元の味を守りたい一心で作っています。おすすめがあれば教えます。","午前中心に出店。雨天でも可能な限り営業します。雑談は控えめです。","🌱","月2回程度（SNSで告知）","新鮮な地元野菜を毎朝仕入れています。ぜひお声がけください！"
"177","アクセサリーのお店 177","菊地 智也","south","26","33.562971999999995","133.53115","五丁目","アクセサリー","{""ピアス"",""ネックレス"",""ブレスレット"",""指輪"",""ヘアピン""}","{}","アクセサリーを扱う老舗のお店です。新鮮な商品を取り揃えています。","なし","家族で営む小さなお店です。毎週の出会いを楽しみにしています。","朝早くから開けています。雨天時は短縮営業です。雑談はほどほどです。","💍","毎週日曜日 7:00-14:00",""
"178","手作り・工芸のお店 178","大塚 律","south","27","33.562894","133.53115","五丁目","手作り・工芸","{""革製品"",""刺繍"",""絵画"",""和紙"",""竹細工"",""ガラス細工""}","{}","手作り・工芸を扱う老舗のお店です。新鮮な商品を取り揃えています。","なし","朝採れや作りたてを大切にしています。安心して選んでください。","毎週日曜の午前に出店。雨の日はお休みです。雑談は多めです。","🎨","不定期（月3回程度）",""
"179","食材のお店 179","山田 光希","south","28","33.562816","133.53115","五丁目","食材","{""酢"",""油"",""だし"",""レタス"",""トマト"",""にんじん"",""みかん""}","{""す"",""あぶら"",""オイル"",""出汁"",""ダシ"",""れたす"",""とまと"",""ニンジン"",""人参"",""ミカン""}","食材を扱う老舗のお店です。新鮮な商品を取り揃えています。","ぐる煮","地域の人も旅の人も、ほっとできる場所になれば嬉しいです。","昼前後まで出店。雨天は様子を見て判断します。雑談は控えめです。","🥕","毎週日曜日（8月休業）",""
"180","食べ物のお店 180","内田 優","south","29","33.562737999999996","133.53115","五丁目","食べ物","{""お弁当"",""パン"",""お餅"",""お菓子""}","{""弁当"",""ぱん"",""餅"",""もち"",""菓子""}","食べ物を扱う老舗のお店です。新鮮な商品を取り揃えています。","かつおのたたき","旬の恵みを届けたくて続けています。気軽に声をかけてください。","朝7時ごろから昼過ぎまで。雨天はお休みします。雑談は多めです。","🍙","毎週日曜日","高知の美味しいものをたくさんの方に知ってもらいたいです。"
"181","道具・工具のお店 181","佐野 亜美","south","30","33.56266","133.53115","五丁目","道具・工具","{""のこぎり"",""ナイフ"",""砥石"",""彫刻刀"",""ドライバー""}","{}","道具・工具を扱う老舗のお店です。新鮮な商品を取り揃えています。","なし","地元の味を守りたい一心で作っています。おすすめがあれば教えます。","午前中心に出店。雨天でも可能な限り営業します。雑談は控えめです。","🔪","第1・3日曜日",""
"182","生活雑貨のお店 182","高橋 陽","south","31","33.562582","133.53115","五丁目","生活雑貨","{""お箸"",""弁当箱"",""竹製品"",""布巾"",""ざる"",""かご""}","{""箸""}","生活雑貨を扱う老舗のお店です。新鮮な商品を取り揃えています。","なし","家族で営む小さなお店です。毎週の出会いを楽しみにしています。","朝早くから開けています。雨天時は短縮営業です。雑談はほどほどです。","🧶","第2・4日曜日",""
"183","植物・苗のお店 183","大野 奈々","south","32","33.562504","133.53115","五丁目","植物・苗","{""植木鉢"",""トマト苗"",""ハーブ"",""花の苗"",""観葉植物"",""多肉植物"",""苗木""}","{""とまと苗""}","植物・苗を扱う老舗のお店です。新鮮な商品を取り揃えています。","なし","朝採れや作りたてを大切にしています。安心して選んでください。","毎週日曜の午前に出店。雨の日はお休みです。雑談は多めです。","🌱","毎週日曜日（雨天休み）",""
"184","アクセサリーのお店 184","渡辺 真央","south","33","33.562425999999995","133.53115","五丁目","アクセサリー","{""ネックレス"",""ブレスレット"",""指輪"",""ヘアピン""}","{}","アクセサリーを扱う老舗のお店です。新鮮な商品を取り揃えています。","なし","地域の人も旅の人も、ほっとできる場所になれば嬉しいです。","昼前後まで出店。雨天は様子を見て判断します。雑談は控えめです。","💍","月2回程度（SNSで告知）",""
"185","手作り・工芸のお店 185","近藤 春香","south","34","33.562348","133.53115","五丁目","手作り・工芸","{""刺繍"",""絵画"",""和紙"",""竹細工"",""ガラス細工""}","{}","手作り・工芸を扱う老舗のお店です。新鮮な商品を取り揃えています。","なし","旬の恵みを届けたくて続けています。気軽に声をかけてください。","朝7時ごろから昼過ぎまで。雨天はお休みします。雑談は多めです。","🎨","毎週日曜日 7:00-14:00",""
"186","食材のお店 186","吉川 舞","south","35","33.56227","133.53115","五丁目","食材","{""レタス"",""トマト"",""にんじん"",""みかん"",""りんご"",""バナナ""}","{""れたす"",""とまと"",""ニンジン"",""人参"",""ミカン"",""リンゴ"",""林檎"",""ばなな""}","食材を扱う老舗のお店です。新鮮な商品を取り揃えています。","かつおのたたき","地元の味を守りたい一心で作っています。おすすめがあれば教えます。","午前中心に出店。雨天でも可能な限り営業します。雑談は控えめです。","🥕","不定期（月3回程度）",""
"187","食べ物のお店 187","山本 直美","south","36","33.562191999999996","133.53115","五丁目","食べ物","{""おにぎり"",""お弁当"",""パン"",""お餅"",""お菓子"",""焼き芋"",""たこ焼き""}","{""おむすび"",""オニギリ"",""オムスビ"",""お握り"",""弁当"",""ぱん"",""餅"",""もち"",""菓子"",""やきいも"",""焼芋"",""タコ焼き"",""タコヤキ""}","食べ物を扱う老舗のお店です。新鮮な商品を取り揃えています。","いなか寿司","家族で営む小さなお店です。毎週の出会いを楽しみにしています。","朝早くから開けています。雨天時は短縮営業です。雑談はほどほどです。","🍙","毎週日曜日（8月休業）",""
"188","道具・工具のお店 188","田中 梨花","south","37","33.562114","133.53115","五丁目","道具・工具","{""ナイフ"",""砥石"",""彫刻刀"",""ドライバー""}","{}","道具・工具を扱う老舗のお店です。新鮮な商品を取り揃えています。","なし","朝採れや作りたてを大切にしています。安心して選んでください。","毎週日曜の午前に出店。雨の日はお休みです。雑談は多めです。","🔪","毎週日曜日",""
"189","生活雑貨のお店 189","岩崎 晴香","south","38","33.562036","133.53115","五丁目","生活雑貨","{""弁当箱"",""竹製品"",""布巾"",""ざる"",""かご""}","{}","生活雑貨を扱う老舗のお店です。新鮮な商品を取り揃えています。","なし","地域の人も旅の人も、ほっとできる場所になれば嬉しいです。","昼前後まで出店。雨天は様子を見て判断します。雑談は控えめです。","🧶","第1・3日曜日","家族で営んでいる小さなお店です。いつも応援ありがとうございます！"
"190","植物・苗のお店 190","上田 幸子","south","39","33.561958","133.53115","五丁目","植物・苗","{""トマト苗"",""ハーブ"",""花の苗"",""観葉植物"",""多肉植物"",""苗木""}","{""とまと苗""}","植物・苗を扱う老舗のお店です。新鮮な商品を取り揃えています。","なし","旬の恵みを届けたくて続けています。気軽に声をかけてください。","朝7時ごろから昼過ぎまで。雨天はお休みします。雑談は多めです。","🌱","第2・4日曜日",""
"191","アクセサリーのお店 191","谷口 陽菜","south","40","33.561879999999995","133.53115","五丁目","アクセサリー","{""ブレスレット"",""指輪"",""ヘアピン"",""かんざし"",""ブローチ"",""イヤリング"",""チャーム""}","{}","アクセサリーを扱う老舗のお店です。新鮮な商品を取り揃えています。","なし","地元の味を守りたい一心で作っています。おすすめがあれば教えます。","午前中心に出店。雨天でも可能な限り営業します。雑談は控えめです。","💍","毎週日曜日（雨天休み）",""
"192","手作り・工芸のお店 192","松本 優子","south","41","33.561802","133.53115","五丁目","手作り・工芸","{""絵画"",""和紙"",""竹細工"",""ガラス細工""}","{}","手作り・工芸を扱う老舗のお店です。新鮮な商品を取り揃えています。","なし","家族で営む小さなお店です。毎週の出会いを楽しみにしています。","朝早くから開けています。雨天時は短縮営業です。雑談はほどほどです。","🎨","月2回程度（SNSで告知）","昔ながらの製法を守り続けています。伝統の味をぜひご賞味ください。"
"193","食材のお店 193","中村 恭平","south","42","33.561724","133.53115","五丁目","食材","{""みかん"",""りんご"",""バナナ"",""ぶどう"",""梨""}","{""ミカン"",""リンゴ"",""林檎"",""ばなな"",""ブドウ"",""葡萄"",""なし""}","食材を扱う老舗のお店です。新鮮な商品を取り揃えています。","いなか寿司","朝採れや作りたてを大切にしています。安心して選んでください。","毎週日曜の午前に出店。雨の日はお休みです。雑談は多めです。","🥕","毎週日曜日 7:00-14:00",""
"194","食べ物のお店 194","坂本 莉央","south","43","33.561645999999996","133.53115","四丁目","食べ物","{""いも天"",""おにぎり"",""お弁当"",""パン"",""お餅"",""お菓子""}","{""イモ天"",""芋天"",""おむすび"",""オニギリ"",""オムスビ"",""お握り"",""弁当"",""ぱん"",""餅"",""もち"",""菓子""}","食べ物を扱う老舗のお店です。新鮮な商品を取り揃えています。","皿鉢料理","地域の人も旅の人も、ほっとできる場所になれば嬉しいです。","昼前後まで出店。雨天は様子を見て判断します。雑談は控えめです。","🍙","不定期（月3回程度）",""
"195","道具・工具のお店 195","村上 律","south","44","33.561568","133.53115","四丁目","道具・工具","{""砥石"",""彫刻刀"",""ドライバー"",""スコップ"",""剪定鋏"",""包丁"",""はさみ""}","{}","道具・工具を扱う老舗のお店です。新鮮な商品を取り揃えています。","なし","旬の恵みを届けたくて続けています。気軽に声をかけてください。","朝7時ごろから昼過ぎまで。雨天はお休みします。雑談は多めです。","🔪","毎週日曜日（8月休業）",""
"196","生活雑貨のお店 196","太田 栞","south","45","33.56149","133.53115","四丁目","生活雑貨","{""竹製品"",""布巾"",""ざる"",""かご""}","{}","生活雑貨を扱う老舗のお店です。新鮮な商品を取り揃えています。","なし","地元の味を守りたい一心で作っています。おすすめがあれば教えます。","午前中心に出店。雨天でも可能な限り営業します。雑談は控えめです。","🧶","毎週日曜日",""
"197","植物・苗のお店 197","千葉 大地","south","46","33.561412","133.53115","四丁目","植物・苗","{""ハーブ"",""花の苗"",""観葉植物"",""多肉植物"",""苗木""}","{}","植物・苗を扱う老舗のお店です。新鮮な商品を取り揃えています。","なし","家族で営む小さなお店です。毎週の出会いを楽しみにしています。","朝早くから開けています。雨天時は短縮営業です。雑談はほどほどです。","🌱","第1・3日曜日",""
"198","アクセサリーのお店 198","酒井 光希","south","47","33.561333999999995","133.53115","四丁目","アクセサリー","{""指輪"",""ヘアピン"",""かんざし"",""ブローチ"",""イヤリング"",""チャーム""}","{}","アクセサリーを扱う老舗のお店です。新鮮な商品を取り揃えています。","なし","朝採れや作りたてを大切にしています。安心して選んでください。","毎週日曜の午前に出店。雨の日はお休みです。雑談は多めです。","💍","第2・4日曜日",""
"199","手作り・工芸のお店 199","松井 美月","south","48","33.561256","133.53115","四丁目","手作り・工芸","{""和紙"",""竹細工"",""ガラス細工"",""陶器"",""木工品"",""染物"",""編み物""}","{}","手作り・工芸を扱う老舗のお店です。新鮮な商品を取り揃えています。","なし","地域の人も旅の人も、ほっとできる場所になれば嬉しいです。","昼前後まで出店。雨天は様子を見て判断します。雑談は控えめです。","🎨","毎週日曜日（雨天休み）",""
"200","食材のお店 200","松尾 慎太郎","south","49","33.561178","133.53115","四丁目","食材","{""ぶどう"",""梨"",""なす"",""きゅうり""}","{""ブドウ"",""葡萄"",""なし"",""ナス"",""茄子"",""キュウリ""}","食材を扱う老舗のお店です。新鮮な商品を取り揃えています。","皿鉢料理","旬の恵みを届けたくて続けています。気軽に声をかけてください。","朝7時ごろから昼過ぎまで。雨天はお休みします。雑談は多めです。","🥕","月2回程度（SNSで告知）","高知の美味しいものをたくさんの方に知ってもらいたいです。"
"201","食べ物のお店 201","桜井 真樹","south","50","33.561099999999996","133.53115","四丁目","食べ物","{""アイスクリーム"",""いも天"",""おにぎり"",""お弁当"",""パン""}","{""アイス"",""あいす"",""イモ天"",""芋天"",""おむすび"",""オニギリ"",""オムスビ"",""お握り"",""弁当"",""ぱん""}","食べ物を扱う老舗のお店です。新鮮な商品を取り揃えています。","ゆず味噌","地元の味を守りたい一心で作っています。おすすめがあれば教えます。","午前中心に出店。雨天でも可能な限り営業します。雑談は控えめです。","🍙","毎週日曜日 7:00-14:00",""
"202","道具・工具のお店 202","内田 愛菜","south","51","33.561022","133.53115","四丁目","道具・工具","{""彫刻刀"",""ドライバー"",""スコップ"",""剪定鋏"",""包丁"",""はさみ""}","{}","道具・工具を扱う老舗のお店です。新鮮な商品を取り揃えています。","なし","家族で営む小さなお店です。毎週の出会いを楽しみにしています。","朝早くから開けています。雨天時は短縮営業です。雑談はほどほどです。","🔪","不定期（月3回程度）",""
"203","生活雑貨のお店 203","山本 大悟","south","52","33.560944","133.53115","四丁目","生活雑貨","{""布巾"",""ざる"",""かご"",""ほうき"",""タオル"",""石鹸"",""食器""}","{}","生活雑貨を扱う老舗のお店です。新鮮な商品を取り揃えています。","なし","朝採れや作りたてを大切にしています。安心して選んでください。","毎週日曜の午前に出店。雨の日はお休みです。雑談は多めです。","🧶","毎週日曜日（8月休業）","お客様との会話が何より楽しみです。気軽にお立ち寄りください！"
"204","植物・苗のお店 204","高橋 健","south","53","33.560866","133.53115","四丁目","植物・苗","{""花の苗"",""観葉植物"",""多肉植物"",""苗木""}","{}","植物・苗を扱う老舗のお店です。新鮮な商品を取り揃えています。","なし","地域の人も旅の人も、ほっとできる場所になれば嬉しいです。","昼前後まで出店。雨天は様子を見て判断します。雑談は控えめです。","🌱","毎週日曜日",""
"205","アクセサリーのお店 205","小野 玲奈","south","54","33.560787999999995","133.53115","四丁目","アクセサリー","{""ヘアピン"",""かんざし"",""ブローチ"",""イヤリング"",""チャーム""}","{}","アクセサリーを扱う老舗のお店です。新鮮な商品を取り揃えています。","なし","旬の恵みを届けたくて続けています。気軽に声をかけてください。","朝7時ごろから昼過ぎまで。雨天はお休みします。雑談は多めです。","💍","第1・3日曜日",""
"206","手作り・工芸のお店 206","菊地 葵","south","55","33.56071","133.53115","四丁目","手作り・工芸","{""竹細工"",""ガラス細工"",""陶器"",""木工品"",""染物"",""編み物""}","{}","手作り・工芸を扱う老舗のお店です。新鮮な商品を取り揃えています。","なし","地元の味を守りたい一心で作っています。おすすめがあれば教えます。","午前中心に出店。雨天でも可能な限り営業します。雑談は控えめです。","🎨","第2・4日曜日",""
"207","食材のお店 207","原 彩","south","56","33.560632","133.53115","四丁目","食材","{""きゅうり"",""じゃがいも"",""玉ねぎ"",""しょうゆ"",""味噌"",""塩"",""酢""}","{""キュウリ"",""ジャガイモ"",""馬鈴薯"",""じゃが芋"",""たまねぎ"",""タマネギ"",""玉葱"",""醤油"",""しょう油"",""ショウユ"",""みそ"",""ミソ"",""しお"",""す""}","食材を扱う老舗のお店です。新鮮な商品を取り揃えています。","ゆず味噌","家族で営む小さなお店です。毎週の出会いを楽しみにしています。","朝早くから開けています。雨天時は短縮営業です。雑談はほどほどです。","🥕","毎週日曜日（雨天休み）","30年以上この場所で商いをしております。品質には自信があります。"
"208","食べ物のお店 208","藤井 優","south","57","33.560553999999996","133.53115","四丁目","食べ物","{""おはぎ"",""アイスクリーム"",""いも天"",""おにぎり""}","{""お萩"",""オハギ"",""アイス"",""あいす"",""イモ天"",""芋天"",""おむすび"",""オニギリ"",""オムスビ"",""お握り""}","食べ物を扱う老舗のお店です。新鮮な商品を取り揃えています。","うつぼの唐揚げ","朝採れや作りたてを大切にしています。安心して選んでください。","毎週日曜の午前に出店。雨の日はお休みです。雑談は多めです。","🍙","月2回程度（SNSで告知）","手作りにこだわった商品ばかりです。一つ一つ心を込めて作っています。"
"209","道具・工具のお店 209","今井 里奈","south","58","33.560476","133.53115","四丁目","道具・工具","{""ドライバー"",""スコップ"",""剪定鋏"",""包丁"",""はさみ""}","{}","道具・工具を扱う老舗のお店です。新鮮な商品を取り揃えています。","なし","地域の人も旅の人も、ほっとできる場所になれば嬉しいです。","昼前後まで出店。雨天は様子を見て判断します。雑談は控えめです。","🔪","毎週日曜日 7:00-14:00",""
"210","生活雑貨のお店 210","横山 遥","south","59","33.560398","133.53115","四丁目","生活雑貨","{""ざる"",""かご"",""ほうき"",""タオル"",""石鹸"",""食器""}","{}","生活雑貨を扱う老舗のお店です。新鮮な商品を取り揃えています。","なし","旬の恵みを届けたくて続けています。気軽に声をかけてください。","朝7時ごろから昼過ぎまで。雨天はお休みします。雑談は多めです。","🧶","不定期（月3回程度）",""
"211","植物・苗のお店 211","清水 翔","south","60","33.56032","133.53115","四丁目","植物・苗","{""観葉植物"",""多肉植物"",""苗木"",""種"",""球根"",""肥料"",""植木鉢""}","{}","植物・苗を扱う老舗のお店です。新鮮な商品を取り揃えています。","なし","地元の味を守りたい一心で作っています。おすすめがあれば教えます。","午前中心に出店。雨天でも可能な限り営業します。雑談は控えめです。","🌱","毎週日曜日（8月休業）",""
"212","アクセサリーのお店 212","大野 涼","south","61","33.560241999999995","133.53115","四丁目","アクセサリー","{""かんざし"",""ブローチ"",""イヤリング"",""チャーム""}","{}","アクセサリーを扱う老舗のお店です。新鮮な商品を取り揃えています。","なし","家族で営む小さなお店です。毎週の出会いを楽しみにしています。","朝早くから開けています。雨天時は短縮営業です。雑談はほどほどです。","💍","毎週日曜日",""
"213","手作り・工芸のお店 213","工藤 莉央","south","62","33.560164","133.53115","四丁目","手作り・工芸","{""ガラス細工"",""陶器"",""木工品"",""染物"",""編み物""}","{}","手作り・工芸を扱う老舗のお店です。新鮮な商品を取り揃えています。","なし","朝採れや作りたてを大切にしています。安心して選んでください。","毎週日曜の午前に出店。雨の日はお休みです。雑談は多めです。","🎨","第1・3日曜日",""
"214","食材のお店 214","大野 陽太","south","63","33.560086","133.53115","四丁目","食材","{""しょうゆ"",""味噌"",""塩"",""酢"",""油"",""だし""}","{""醤油"",""しょう油"",""ショウユ"",""みそ"",""ミソ"",""しお"",""す"",""あぶら"",""オイル"",""出汁"",""ダシ""}","食材を扱う老舗のお店です。新鮮な商品を取り揃えています。","うつぼの唐揚げ","地域の人も旅の人も、ほっとできる場所になれば嬉しいです。","昼前後まで出店。雨天は様子を見て判断します。雑談は控えめです。","🥕","第2・4日曜日","地元で愛されて50年。変わらぬ味を提供し続けます。"
"215","食べ物のお店 215","野口 遥香","south","64","33.560007999999996","133.53115","四丁目","食べ物","{""団子"",""おはぎ"",""アイスクリーム"",""いも天"",""おにぎり"",""お弁当"",""パン""}","{""だんご"",""ダンゴ"",""お萩"",""オハギ"",""アイス"",""あいす"",""イモ天"",""芋天"",""おむすび"",""オニギリ"",""オムスビ"",""お握り"",""弁当"",""ぱん""}","食べ物を扱う老舗のお店です。新鮮な商品を取り揃えています。","ぐる煮","旬の恵みを届けたくて続けています。気軽に声をかけてください。","朝7時ごろから昼過ぎまで。雨天はお休みします。雑談は多めです。","🍙","毎週日曜日（雨天休み）","無農薬・有機栽培にこだわっています。安心安全な野菜をどうぞ。"
"216","道具・工具のお店 216","野村 聡","south","65","33.55993","133.53115","三丁目","道具・工具","{""スコップ"",""剪定鋏"",""包丁"",""はさみ""}","{}","道具・工具を扱う老舗のお店です。新鮮な商品を取り揃えています。","なし","地元の味を守りたい一心で作っています。おすすめがあれば教えます。","午前中心に出店。雨天でも可能な限り営業します。雑談は控えめです。","🔪","月2回程度（SNSで告知）",""
"217","生活雑貨のお店 217","田中 徹","south","66","33.559852","133.53115","三丁目","生活雑貨","{""かご"",""ほうき"",""タオル"",""石鹸"",""食器""}","{}","生活雑貨を扱う老舗のお店です。新鮮な商品を取り揃えています。","なし","家族で営む小さなお店です。毎週の出会いを楽しみにしています。","朝早くから開けています。雨天時は短縮営業です。雑談はほどほどです。","🧶","毎週日曜日 7:00-14:00",""
"218","植物・苗のお店 218","佐藤 真央","south","67","33.559774","133.53115","三丁目","植物・苗","{""多肉植物"",""苗木"",""種"",""球根"",""肥料"",""植木鉢""}","{}","植物・苗を扱う老舗のお店です。新鮮な商品を取り揃えています。","なし","朝採れや作りたてを大切にしています。安心して選んでください。","毎週日曜の午前に出店。雨の日はお休みです。雑談は多めです。","🌱","不定期（月3回程度）",""
"219","アクセサリーのお店 219","杉山 智也","south","68","33.559695999999995","133.53115","三丁目","アクセサリー","{""ブローチ"",""イヤリング"",""チャーム"",""アクセサリー"",""ピアス"",""ネックレス"",""ブレスレット""}","{}","アクセサリーを扱う老舗のお店です。新鮮な商品を取り揃えています。","なし","地域の人も旅の人も、ほっとできる場所になれば嬉しいです。","昼前後まで出店。雨天は様子を見て判断します。雑談は控えめです。","💍","毎週日曜日（8月休業）",""
"220","手作り・工芸のお店 220","鈴木 光希","south","69","33.559618","133.53115","三丁目","手作り・工芸","{""陶器"",""木工品"",""染物"",""編み物""}","{}","手作り・工芸を扱う老舗のお店です。新鮮な商品を取り揃えています。","なし","旬の恵みを届けたくて続けています。気軽に声をかけてください。","朝7時ごろから昼過ぎまで。雨天はお休みします。雑談は多めです。","🎨","毎週日曜日",""
"221","食材のお店 221","佐野 大悟","south","70","33.55954","133.53115","三丁目","食材","{""酢"",""油"",""だし"",""レタス"",""トマト""}","{""す"",""あぶら"",""オイル"",""出汁"",""ダシ"",""れたす"",""とまと""}","食材を扱う老舗のお店です。新鮮な商品を取り揃えています。","ぐる煮","地元の味を守りたい一心で作っています。おすすめがあれば教えます。","午前中心に出店。雨天でも可能な限り営業します。雑談は控えめです。","🥕","第1・3日曜日",""
"222","食べ物のお店 222","渡部 大悟","south","71","33.559461999999996","133.53115","三丁目","食べ物","{""たこ焼き"",""団子"",""おはぎ"",""アイスクリーム"",""いも天"",""おにぎり""}","{""タコ焼き"",""タコヤキ"",""だんご"",""ダンゴ"",""お萩"",""オハギ"",""アイス"",""あいす"",""イモ天"",""芋天"",""おむすび"",""オニギリ"",""オムスビ"",""お握り""}","食べ物を扱う老舗のお店です。新鮮な商品を取り揃えています。","かつおのたたき","家族で営む小さなお店です。毎週の出会いを楽しみにしています。","朝早くから開けています。雨天時は短縮営業です。雑談はほどほどです。","🍙","第2・4日曜日",""
"223","道具・工具のお店 223","林 大悟","south","72","33.559384","133.53115","三丁目","道具・工具","{""剪定鋏"",""包丁"",""はさみ"",""鎌"",""のこぎり"",""ナイフ"",""砥石""}","{}","道具・工具を扱う老舗のお店です。新鮮な商品を取り揃えています。","なし","朝採れや作りたてを大切にしています。安心して選んでください。","毎週日曜の午前に出店。雨の日はお休みです。雑談は多めです。","🔪","毎週日曜日（雨天休み）",""
"224","生活雑貨のお店 224","山内 拓也","south","73","33.559306","133.53115","三丁目","生活雑貨","{""ほうき"",""タオル"",""石鹸"",""食器""}","{}","生活雑貨を扱う老舗のお店です。新鮮な商品を取り揃えています。","なし","地域の人も旅の人も、ほっとできる場所になれば嬉しいです。","昼前後まで出店。雨天は様子を見て判断します。雑談は控えめです。","🧶","月2回程度（SNSで告知）",""
"225","植物・苗のお店 225","竹内 真樹","south","74","33.559228","133.53115","三丁目","植物・苗","{""苗木"",""種"",""球根"",""肥料"",""植木鉢""}","{}","植物・苗を扱う老舗のお店です。新鮮な商品を取り揃えています。","なし","旬の恵みを届けたくて続けています。気軽に声をかけてください。","朝7時ごろから昼過ぎまで。雨天はお休みします。雑談は多めです。","🌱","毎週日曜日 7:00-14:00",""
"226","アクセサリーのお店 226","山内 千尋","south","75","33.55915","133.53115","三丁目","アクセサリー","{""イヤリング"",""チャーム"",""アクセサリー"",""ピアス"",""ネックレス"",""ブレスレット""}","{}","アクセサリーを扱う老舗のお店です。新鮮な商品を取り揃えています。","なし","地元の味を守りたい一心で作っています。おすすめがあれば教えます。","午前中心に出店。雨天でも可能な限り営業します。雑談は控えめです。","💍","不定期（月3回程度）",""
"227","手作り・工芸のお店 227","原 遥香","south","76","33.559072","133.53115","三丁目","手作り・工芸","{""木工品"",""染物"",""編み物"",""革製品"",""刺繍"",""絵画"",""和紙""}","{}","手作り・工芸を扱う老舗のお店です。新鮮な商品を取り揃えています。","なし","家族で営む小さなお店です。毎週の出会いを楽しみにしています。","朝早くから開けています。雨天時は短縮営業です。雑談はほどほどです。","🎨","毎週日曜日（8月休業）","30年以上この場所で商いをしております。品質には自信があります。"
"228","食材のお店 228","吉川 沙耶","south","77","33.558994","133.53115","三丁目","食材","{""レタス"",""トマト"",""にんじん"",""みかん""}","{""れたす"",""とまと"",""ニンジン"",""人参"",""ミカン""}","食材を扱う老舗のお店です。新鮮な商品を取り揃えています。","かつおのたたき","朝採れや作りたてを大切にしています。安心して選んでください。","毎週日曜の午前に出店。雨の日はお休みです。雑談は多めです。","🥕","毎週日曜日",""
"229","食べ物のお店 229","島田 里奈","south","78","33.558915999999996","133.53115","三丁目","食べ物","{""焼き芋"",""たこ焼き"",""団子"",""おはぎ"",""アイスクリーム""}","{""やきいも"",""焼芋"",""タコ焼き"",""タコヤキ"",""だんご"",""ダンゴ"",""お萩"",""オハギ"",""アイス"",""あいす""}","食べ物を扱う老舗のお店です。新鮮な商品を取り揃えています。","いなか寿司","地域の人も旅の人も、ほっとできる場所になれば嬉しいです。","昼前後まで出店。雨天は様子を見て判断します。雑談は控えめです。","🍙","第1・3日曜日","家族で営んでいる小さなお店です。いつも応援ありがとうございます！"
"230","道具・工具のお店 230","三浦 玲子","south","79","33.558838","133.53115","三丁目","道具・工具","{""包丁"",""はさみ"",""鎌"",""のこぎり"",""ナイフ"",""砥石""}","{}","道具・工具を扱う老舗のお店です。新鮮な商品を取り揃えています。","なし","旬の恵みを届けたくて続けています。気軽に声をかけてください。","朝7時ごろから昼過ぎまで。雨天はお休みします。雑談は多めです。","🔪","第2・4日曜日",""
"231","生活雑貨のお店 231","岡田 夏美","south","80","33.55876","133.53115","三丁目","生活雑貨","{""タオル"",""石鹸"",""食器"",""お箸"",""弁当箱"",""竹製品"",""布巾""}","{""箸""}","生活雑貨を扱う老舗のお店です。新鮮な商品を取り揃えています。","なし","地元の味を守りたい一心で作っています。おすすめがあれば教えます。","午前中心に出店。雨天でも可能な限り営業します。雑談は控えめです。","🧶","毎週日曜日（雨天休み）","朝採れの新鮮な食材をお届けします。季節の味をお楽しみください。"
"232","植物・苗のお店 232","西村 颯太","south","81","33.558682","133.53115","三丁目","植物・苗","{""種"",""球根"",""肥料"",""植木鉢""}","{}","植物・苗を扱う老舗のお店です。新鮮な商品を取り揃えています。","なし","家族で営む小さなお店です。毎週の出会いを楽しみにしています。","朝早くから開けています。雨天時は短縮営業です。雑談はほどほどです。","🌱","月2回程度（SNSで告知）",""
"233","アクセサリーのお店 233","小川 陽","south","82","33.558604","133.53115","三丁目","アクセサリー","{""チャーム"",""アクセサリー"",""ピアス"",""ネックレス"",""ブレスレット""}","{}","アクセサリーを扱う老舗のお店です。新鮮な商品を取り揃えています。","なし","朝採れや作りたてを大切にしています。安心して選んでください。","毎週日曜の午前に出店。雨の日はお休みです。雑談は多めです。","💍","毎週日曜日 7:00-14:00",""
"234","手作り・工芸のお店 234","清水 海","south","83","33.558526","133.53115","三丁目","手作り・工芸","{""染物"",""編み物"",""革製品"",""刺繍"",""絵画"",""和紙""}","{}","手作り・工芸を扱う老舗のお店です。新鮮な商品を取り揃えています。","なし","地域の人も旅の人も、ほっとできる場所になれば嬉しいです。","昼前後まで出店。雨天は様子を見て判断します。雑談は控えめです。","🎨","不定期（月3回程度）",""
"235","食材のお店 235","宮崎 優希","south","84","33.558448","133.53115","三丁目","食材","{""みかん"",""りんご"",""バナナ"",""ぶどう"",""梨"",""なす"",""きゅうり""}","{""ミカン"",""リンゴ"",""林檎"",""ばなな"",""ブドウ"",""葡萄"",""なし"",""ナス"",""茄子"",""キュウリ""}","食材を扱う老舗のお店です。新鮮な商品を取り揃えています。","いなか寿司","旬の恵みを届けたくて続けています。気軽に声をかけてください。","朝7時ごろから昼過ぎまで。雨天はお休みします。雑談は多めです。","🥕","毎週日曜日（8月休業）",""
"236","食べ物のお店 236","原 律","south","85","33.55837","133.53115","三丁目","食べ物","{""お菓子"",""焼き芋"",""たこ焼き"",""団子""}","{""菓子"",""やきいも"",""焼芋"",""タコ焼き"",""タコヤキ"",""だんご"",""ダンゴ""}","食べ物を扱う老舗のお店です。新鮮な商品を取り揃えています。","皿鉢料理","地元の味を守りたい一心で作っています。おすすめがあれば教えます。","午前中心に出店。雨天でも可能な限り営業します。雑談は控えめです。","🍙","毎週日曜日",""
"237","道具・工具のお店 237","吉川 涼","south","86","33.558292","133.53115","二丁目","道具・工具","{""はさみ"",""鎌"",""のこぎり"",""ナイフ"",""砥石""}","{}","道具・工具を扱う老舗のお店です。新鮮な商品を取り揃えています。","なし","家族で営む小さなお店です。毎週の出会いを楽しみにしています。","朝早くから開けています。雨天時は短縮営業です。雑談はほどほどです。","🔪","第1・3日曜日","30年以上この場所で商いをしております。品質には自信があります。"
"238","生活雑貨のお店 238","加藤 修","south","87","33.558214","133.53115","二丁目","生活雑貨","{""石鹸"",""食器"",""お箸"",""弁当箱"",""竹製品"",""布巾""}","{""箸""}","生活雑貨を扱う老舗のお店です。新鮮な商品を取り揃えています。","なし","朝採れや作りたてを大切にしています。安心して選んでください。","毎週日曜の午前に出店。雨の日はお休みです。雑談は多めです。","🧶","第2・4日曜日",""
"239","植物・苗のお店 239","加藤 玲奈","south","88","33.558136","133.53115","二丁目","植物・苗","{""球根"",""肥料"",""植木鉢"",""トマト苗"",""ハーブ"",""花の苗"",""観葉植物""}","{""とまと苗""}","植物・苗を扱う老舗のお店です。新鮮な商品を取り揃えています。","なし","地域の人も旅の人も、ほっとできる場所になれば嬉しいです。","昼前後まで出店。雨天は様子を見て判断します。雑談は控えめです。","🌱","毎週日曜日（雨天休み）",""
"240","アクセサリーのお店 240","加藤 光","south","89","33.558058","133.53115","二丁目","アクセサリー","{""アクセサリー"",""ピアス"",""ネックレス"",""ブレスレット""}","{}","アクセサリーを扱う老舗のお店です。新鮮な商品を取り揃えています。","なし","旬の恵みを届けたくて続けています。気軽に声をかけてください。","朝7時ごろから昼過ぎまで。雨天はお休みします。雑談は多めです。","💍","月2回程度（SNSで告知）",""
"241","手作り・工芸のお店 241","松本 茜","south","90","33.55798","133.53115","二丁目","手作り・工芸","{""編み物"",""革製品"",""刺繍"",""絵画"",""和紙""}","{}","手作り・工芸を扱う老舗のお店です。新鮮な商品を取り揃えています。","なし","地元の味を守りたい一心で作っています。おすすめがあれば教えます。","午前中心に出店。雨天でも可能な限り営業します。雑談は控えめです。","🎨","毎週日曜日 7:00-14:00",""
"242","食材のお店 242","野口 結衣","south","91","33.557902","133.53115","二丁目","食材","{""ぶどう"",""梨"",""なす"",""きゅうり"",""じゃがいも"",""玉ねぎ""}","{""ブドウ"",""葡萄"",""なし"",""ナス"",""茄子"",""キュウリ"",""ジャガイモ"",""馬鈴薯"",""じゃが芋"",""たまねぎ"",""タマネギ"",""玉葱""}","食材を扱う老舗のお店です。新鮮な商品を取り揃えています。","皿鉢料理","家族で営む小さなお店です。毎週の出会いを楽しみにしています。","朝早くから開けています。雨天時は短縮営業です。雑談はほどほどです。","🥕","不定期（月3回程度）",""
"243","食べ物のお店 243","東 智也","south","92","33.557824","133.53115","二丁目","食べ物","{""お餅"",""お菓子"",""焼き芋"",""たこ焼き"",""団子"",""おはぎ"",""アイスクリーム""}","{""餅"",""もち"",""菓子"",""やきいも"",""焼芋"",""タコ焼き"",""タコヤキ"",""だんご"",""ダンゴ"",""お萩"",""オハギ"",""アイス"",""あいす""}","食べ物を扱う老舗のお店です。新鮮な商品を取り揃えています。","ゆず味噌","朝採れや作りたてを大切にしています。安心して選んでください。","毎週日曜の午前に出店。雨の日はお休みです。雑談は多めです。","🍙","毎週日曜日（8月休業）","お客様との会話が何より楽しみです。気軽にお立ち寄りください！"
"244","道具・工具のお店 244","長谷川 玲子","south","93","33.557746","133.53115","二丁目","道具・工具","{""鎌"",""のこぎり"",""ナイフ"",""砥石""}","{}","道具・工具を扱う老舗のお店です。新鮮な商品を取り揃えています。","なし","地域の人も旅の人も、ほっとできる場所になれば嬉しいです。","昼前後まで出店。雨天は様子を見て判断します。雑談は控えめです。","🔪","毎週日曜日",""
"245","生活雑貨のお店 245","村上 大悟","south","94","33.557668","133.53115","二丁目","生活雑貨","{""食器"",""お箸"",""弁当箱"",""竹製品"",""布巾""}","{""箸""}","生活雑貨を扱う老舗のお店です。新鮮な商品を取り揃えています。","なし","旬の恵みを届けたくて続けています。気軽に声をかけてください。","朝7時ごろから昼過ぎまで。雨天はお休みします。雑談は多めです。","🧶","第1・3日曜日",""
"246","植物・苗のお店 246","酒井 誠","south","95","33.55759","133.53115","二丁目","植物・苗","{""肥料"",""植木鉢"",""トマト苗"",""ハーブ"",""花の苗"",""観葉植物""}","{""とまと苗""}","植物・苗を扱う老舗のお店です。新鮮な商品を取り揃えています。","なし","地元の味を守りたい一心で作っています。おすすめがあれば教えます。","午前中心に出店。雨天でも可能な限り営業します。雑談は控えめです。","🌱","第2・4日曜日",""
"247","アクセサリーのお店 247","川口 悠斗","south","96","33.557512","133.53115","二丁目","アクセサリー","{""ピアス"",""ネックレス"",""ブレスレット"",""指輪"",""ヘアピン"",""かんざし"",""ブローチ""}","{}","アクセサリーを扱う老舗のお店です。新鮮な商品を取り揃えています。","なし","家族で営む小さなお店です。毎週の出会いを楽しみにしています。","朝早くから開けています。雨天時は短縮営業です。雑談はほどほどです。","💍","毎週日曜日（雨天休み）","30年以上この場所で商いをしております。品質には自信があります。"
"248","手作り・工芸のお店 248","大塚 佳奈","south","97","33.557434","133.53115","二丁目","手作り・工芸","{""革製品"",""刺繍"",""絵画"",""和紙""}","{}","手作り・工芸を扱う老舗のお店です。新鮮な商品を取り揃えています。","なし","朝採れや作りたてを大切にしています。安心して選んでください。","毎週日曜の午前に出店。雨の日はお休みです。雑談は多めです。","🎨","月2回程度（SNSで告知）",""
"249","食材のお店 249","田村 結人","south","98","33.557356","133.53115","二丁目","食材","{""きゅうり"",""じゃがいも"",""玉ねぎ"",""しょうゆ"",""味噌""}","{""キュウリ"",""ジャガイモ"",""馬鈴薯"",""じゃが芋"",""たまねぎ"",""タマネギ"",""玉葱"",""醤油"",""しょう油"",""ショウユ"",""みそ"",""ミソ""}","食材を扱う老舗のお店です。新鮮な商品を取り揃えています。","ゆず味噌","地域の人も旅の人も、ほっとできる場所になれば嬉しいです。","昼前後まで出店。雨天は様子を見て判断します。雑談は控えめです。","🥕","毎週日曜日 7:00-14:00",""
"250","食べ物のお店 250","森田 悠斗","south","99","33.557278","133.53115","二丁目","食べ物","{""パン"",""お餅"",""お菓子"",""焼き芋"",""たこ焼き"",""団子""}","{""ぱん"",""餅"",""もち"",""菓子"",""やきいも"",""焼芋"",""タコ焼き"",""タコヤキ"",""だんご"",""ダンゴ""}","食べ物を扱う老舗のお店です。新鮮な商品を取り揃えています。","うつぼの唐揚げ","旬の恵みを届けたくて続けています。気軽に声をかけてください。","朝7時ごろから昼過ぎまで。雨天はお休みします。雑談は多めです。","🍙","不定期（月3回程度）","高知の美味しいものをたくさんの方に知ってもらいたいです。"
"251","道具・工具のお店 251","千葉 颯太","south","100","33.5572","133.53115","二丁目","道具・工具","{""のこぎり"",""ナイフ"",""砥石"",""彫刻刀"",""ドライバー"",""スコップ"",""剪定鋏""}","{}","道具・工具を扱う老舗のお店です。新鮮な商品を取り揃えています。","なし","地元の味を守りたい一心で作っています。おすすめがあれば教えます。","午前中心に出店。雨天でも可能な限り営業します。雑談は控えめです。","🔪","毎週日曜日（8月休業）","朝採れの新鮮な食材をお届けします。季節の味をお楽しみください。"
"252","生活雑貨のお店 252","岡本 優希","south","101","33.557122","133.53115","二丁目","生活雑貨","{""お箸"",""弁当箱"",""竹製品"",""布巾""}","{""箸""}","生活雑貨を扱う老舗のお店です。新鮮な商品を取り揃えています。","なし","家族で営む小さなお店です。毎週の出会いを楽しみにしています。","朝早くから開けています。雨天時は短縮営業です。雑談はほどほどです。","🧶","毎週日曜日",""
"253","植物・苗のお店 253","柴田 隆","south","102","33.557044","133.53115","二丁目","植物・苗","{""植木鉢"",""トマト苗"",""ハーブ"",""花の苗"",""観葉植物""}","{""とまと苗""}","植物・苗を扱う老舗のお店です。新鮮な商品を取り揃えています。","なし","朝採れや作りたてを大切にしています。安心して選んでください。","毎週日曜の午前に出店。雨の日はお休みです。雑談は多めです。","🌱","第1・3日曜日","お客様との会話が何より楽しみです。気軽にお立ち寄りください！"
"254","アクセサリーのお店 254","木村 悠","south","103","33.556966","133.53115","二丁目","アクセサリー","{""ネックレス"",""ブレスレット"",""指輪"",""ヘアピン"",""かんざし"",""ブローチ""}","{}","アクセサリーを扱う老舗のお店です。新鮮な商品を取り揃えています。","なし","地域の人も旅の人も、ほっとできる場所になれば嬉しいです。","昼前後まで出店。雨天は様子を見て判断します。雑談は控えめです。","💍","第2・4日曜日","地元で愛されて50年。変わらぬ味を提供し続けます。"
"255","手作り・工芸のお店 255","佐藤 真樹","south","104","33.556888","133.53115","二丁目","手作り・工芸","{""刺繍"",""絵画"",""和紙"",""竹細工"",""ガラス細工"",""陶器"",""木工品""}","{}","手作り・工芸を扱う老舗のお店です。新鮮な商品を取り揃えています。","なし","旬の恵みを届けたくて続けています。気軽に声をかけてください。","朝7時ごろから昼過ぎまで。雨天はお休みします。雑談は多めです。","🎨","毎週日曜日（雨天休み）",""
"256","食材のお店 256","杉本 愛","south","105","33.55681","133.53115","二丁目","食材","{""しょうゆ"",""味噌"",""塩"",""酢""}","{""醤油"",""しょう油"",""ショウユ"",""みそ"",""ミソ"",""しお"",""す""}","食材を扱う老舗のお店です。新鮮な商品を取り揃えています。","うつぼの唐揚げ","地元の味を守りたい一心で作っています。おすすめがあれば教えます。","午前中心に出店。雨天でも可能な限り営業します。雑談は控えめです。","🥕","月2回程度（SNSで告知）",""
"257","食べ物のお店 257","宮崎 聡","south","106","33.556732","133.53115","二丁目","食べ物","{""お弁当"",""パン"",""お餅"",""お菓子"",""焼き芋""}","{""弁当"",""ぱん"",""餅"",""もち"",""菓子"",""やきいも"",""焼芋""}","食べ物を扱う老舗のお店です。新鮮な商品を取り揃えています。","ぐる煮","家族で営む小さなお店です。毎週の出会いを楽しみにしています。","朝早くから開けています。雨天時は短縮営業です。雑談はほどほどです。","🍙","毎週日曜日 7:00-14:00",""
"258","道具・工具のお店 258","谷口 香織","south","107","33.556654","133.53115","二丁目","道具・工具","{""ナイフ"",""砥石"",""彫刻刀"",""ドライバー"",""スコップ"",""剪定鋏""}","{}","道具・工具を扱う老舗のお店です。新鮮な商品を取り揃えています。","なし","朝採れや作りたてを大切にしています。安心して選んでください。","毎週日曜の午前に出店。雨の日はお休みです。雑談は多めです。","🔪","不定期（月3回程度）",""
"259","生活雑貨のお店 259","後藤 大悟","south","108","33.556576","133.53115","一丁目","生活雑貨","{""弁当箱"",""竹製品"",""布巾"",""ざる"",""かご"",""ほうき"",""タオル""}","{}","生活雑貨を扱う老舗のお店です。新鮮な商品を取り揃えています。","なし","地域の人も旅の人も、ほっとできる場所になれば嬉しいです。","昼前後まで出店。雨天は様子を見て判断します。雑談は控えめです。","🧶","毎週日曜日（8月休業）",""
"260","植物・苗のお店 260","森田 結人","south","109","33.556498","133.53115","一丁目","植物・苗","{""トマト苗"",""ハーブ"",""花の苗"",""観葉植物""}","{""とまと苗""}","植物・苗を扱う老舗のお店です。新鮮な商品を取り揃えています。","なし","旬の恵みを届けたくて続けています。気軽に声をかけてください。","朝7時ごろから昼過ぎまで。雨天はお休みします。雑談は多めです。","🌱","毎週日曜日",""
"261","アクセサリーのお店 261","島田 萌","south","110","33.55642","133.53115","一丁目","アクセサリー","{""ブレスレット"",""指輪"",""ヘアピン"",""かんざし"",""ブローチ""}","{}","アクセサリーを扱う老舗のお店です。新鮮な商品を取り揃えています。","なし","地元の味を守りたい一心で作っています。おすすめがあれば教えます。","午前中心に出店。雨天でも可能な限り営業します。雑談は控えめです。","💍","第1・3日曜日",""
"262","手作り・工芸のお店 262","森田 亜美","south","111","33.556342","133.53115","一丁目","手作り・工芸","{""絵画"",""和紙"",""竹細工"",""ガラス細工"",""陶器"",""木工品""}","{}","手作り・工芸を扱う老舗のお店です。新鮮な商品を取り揃えています。","なし","家族で営む小さなお店です。毎週の出会いを楽しみにしています。","朝早くから開けています。雨天時は短縮営業です。雑談はほどほどです。","🎨","第2・4日曜日",""
"263","食材のお店 263","山崎 健","south","112","33.556264","133.53115","一丁目","食材","{""酢"",""油"",""だし"",""レタス"",""トマト"",""にんじん"",""みかん""}","{""す"",""あぶら"",""オイル"",""出汁"",""ダシ"",""れたす"",""とまと"",""ニンジン"",""人参"",""ミカン""}","食材を扱う老舗のお店です。新鮮な商品を取り揃えています。","ぐる煮","朝採れや作りたてを大切にしています。安心して選んでください。","毎週日曜の午前に出店。雨の日はお休みです。雑談は多めです。","🥕","毎週日曜日（雨天休み）",""
"264","食べ物のお店 264","酒井 智也","south","113","33.556186","133.53115","一丁目","食べ物","{""おにぎり"",""お弁当"",""パン"",""お餅""}","{""おむすび"",""オニギリ"",""オムスビ"",""お握り"",""弁当"",""ぱん"",""餅"",""もち""}","食べ物を扱う老舗のお店です。新鮮な商品を取り揃えています。","かつおのたたき","地域の人も旅の人も、ほっとできる場所になれば嬉しいです。","昼前後まで出店。雨天は様子を見て判断します。雑談は控えめです。","🍙","月2回程度（SNSで告知）",""
"265","道具・工具のお店 265","渡辺 亜美","south","114","33.556108","133.53115","一丁目","道具・工具","{""砥石"",""彫刻刀"",""ドライバー"",""スコップ"",""剪定鋏""}","{}","道具・工具を扱う老舗のお店です。新鮮な商品を取り揃えています。","なし","旬の恵みを届けたくて続けています。気軽に声をかけてください。","朝7時ごろから昼過ぎまで。雨天はお休みします。雑談は多めです。","🔪","毎週日曜日 7:00-14:00","無農薬・有機栽培にこだわっています。安心安全な野菜をどうぞ。"
"266","生活雑貨のお店 266","前田 颯太","south","115","33.55603","133.53115","一丁目","生活雑貨","{""竹製品"",""布巾"",""ざる"",""かご"",""ほうき"",""タオル""}","{}","生活雑貨を扱う老舗のお店です。新鮮な商品を取り揃えています。","なし","地元の味を守りたい一心で作っています。おすすめがあれば教えます。","午前中心に出店。雨天でも可能な限り営業します。雑談は控えめです。","🧶","不定期（月3回程度）",""
"267","植物・苗のお店 267","丸山 拓也","south","116","33.555952","133.53115","一丁目","植物・苗","{""ハーブ"",""花の苗"",""観葉植物"",""多肉植物"",""苗木"",""種"",""球根""}","{}","植物・苗を扱う老舗のお店です。新鮮な商品を取り揃えています。","なし","家族で営む小さなお店です。毎週の出会いを楽しみにしています。","朝早くから開けています。雨天時は短縮営業です。雑談はほどほどです。","🌱","毎週日曜日（8月休業）","30年以上この場所で商いをしております。品質には自信があります。"
"268","アクセサリーのお店 268","金子 結人","south","117","33.555874","133.53115","一丁目","アクセサリー","{""指輪"",""ヘアピン"",""かんざし"",""ブローチ""}","{}","アクセサリーを扱う老舗のお店です。新鮮な商品を取り揃えています。","なし","朝採れや作りたてを大切にしています。安心して選んでください。","毎週日曜の午前に出店。雨の日はお休みです。雑談は多めです。","💍","毎週日曜日","手作りにこだわった商品ばかりです。一つ一つ心を込めて作っています。"
"269","手作り・工芸のお店 269","池田 陽","south","118","33.555796","133.53115","一丁目","手作り・工芸","{""和紙"",""竹細工"",""ガラス細工"",""陶器"",""木工品""}","{}","手作り・工芸を扱う老舗のお店です。新鮮な商品を取り揃えています。","なし","地域の人も旅の人も、ほっとできる場所になれば嬉しいです。","昼前後まで出店。雨天は様子を見て判断します。雑談は控えめです。","🎨","第1・3日曜日",""
"270","食材のお店 270","松本 誠","south","119","33.555718","133.53115","一丁目","食材","{""レタス"",""トマト"",""にんじん"",""みかん"",""りんご"",""バナナ""}","{""れたす"",""とまと"",""ニンジン"",""人参"",""ミカン"",""リンゴ"",""林檎"",""ばなな""}","食材を扱う老舗のお店です。新鮮な商品を取り揃えています。","かつおのたたき","旬の恵みを届けたくて続けています。気軽に声をかけてください。","朝7時ごろから昼過ぎまで。雨天はお休みします。雑談は多めです。","🥕","第2・4日曜日",""
"271","食べ物のお店 271","藤原 梨花","south","120","33.55564","133.53115","一丁目","食べ物","{""いも天"",""おにぎり"",""お弁当"",""パン"",""お餅"",""お菓子"",""焼き芋""}","{""イモ天"",""芋天"",""おむすび"",""オニギリ"",""オムスビ"",""お握り"",""弁当"",""ぱん"",""餅"",""もち"",""菓子"",""やきいも"",""焼芋""}","食べ物を扱う老舗のお店です。新鮮な商品を取り揃えています。","いなか寿司","地元の味を守りたい一心で作っています。おすすめがあれば教えます。","午前中心に出店。雨天でも可能な限り営業します。雑談は控えめです。","🍙","毎週日曜日（雨天休み）","朝採れの新鮮な食材をお届けします。季節の味をお楽しみください。"
"272","道具・工具のお店 272","西村 雅人","south","121","33.555562","133.53115","一丁目","道具・工具","{""彫刻刀"",""ドライバー"",""スコップ"",""剪定鋏""}","{}","道具・工具を扱う老舗のお店です。新鮮な商品を取り揃えています。","なし","家族で営む小さなお店です。毎週の出会いを楽しみにしています。","朝早くから開けています。雨天時は短縮営業です。雑談はほどほどです。","🔪","月2回程度（SNSで告知）","昔ながらの製法を守り続けています。伝統の味をぜひご賞味ください。"
"273","生活雑貨のお店 273","川口 由佳","south","122","33.555484","133.53115","一丁目","生活雑貨","{""布巾"",""ざる"",""かご"",""ほうき"",""タオル""}","{}","生活雑貨を扱う老舗のお店です。新鮮な商品を取り揃えています。","なし","朝採れや作りたてを大切にしています。安心して選んでください。","毎週日曜の午前に出店。雨の日はお休みです。雑談は多めです。","🧶","毎週日曜日 7:00-14:00","お客様との会話が何より楽しみです。気軽にお立ち寄りください！"
"274","植物・苗のお店 274","野村 栞","south","123","33.555406","133.53115","一丁目","植物・苗","{""花の苗"",""観葉植物"",""多肉植物"",""苗木"",""種"",""球根""}","{}","植物・苗を扱う老舗のお店です。新鮮な商品を取り揃えています。","なし","地域の人も旅の人も、ほっとできる場所になれば嬉しいです。","昼前後まで出店。雨天は様子を見て判断します。雑談は控えめです。","🌱","不定期（月3回程度）","地元で愛されて50年。変わらぬ味を提供し続けます。"
"275","アクセサリーのお店 275","村上 真央","south","124","33.555328","133.53115","一丁目","アクセサリー","{""ヘアピン"",""かんざし"",""ブローチ"",""イヤリング"",""チャーム"",""アクセサリー"",""ピアス""}","{}","アクセサリーを扱う老舗のお店です。新鮮な商品を取り揃えています。","なし","旬の恵みを届けたくて続けています。気軽に声をかけてください。","朝7時ごろから昼過ぎまで。雨天はお休みします。雑談は多めです。","💍","毎週日曜日（8月休業）",""
"276","手作り・工芸のお店 276","鈴木 彩","south","125","33.55525","133.53115","一丁目","手作り・工芸","{""竹細工"",""ガラス細工"",""陶器"",""木工品""}","{}","手作り・工芸を扱う老舗のお店です。新鮮な商品を取り揃えています。","なし","地元の味を守りたい一心で作っています。おすすめがあれば教えます。","午前中心に出店。雨天でも可能な限り営業します。雑談は控えめです。","🎨","毎週日曜日","新鮮な地元野菜を毎朝仕入れています。ぜひお声がけください！"
"277","食材のお店 277","山崎 優太","south","126","33.555172","133.53115","一丁目","食材","{""みかん"",""りんご"",""バナナ"",""ぶどう"",""梨""}","{""ミカン"",""リンゴ"",""林檎"",""ばなな"",""ブドウ"",""葡萄"",""なし""}","食材を扱う老舗のお店です。新鮮な商品を取り揃えています。","いなか寿司","家族で営む小さなお店です。毎週の出会いを楽しみにしています。","朝早くから開けています。雨天時は短縮営業です。雑談はほどほどです。","🥕","第1・3日曜日",""
"278","食べ物のお店 278","西田 遥香","south","127","33.555094","133.53115","一丁目","食べ物","{""アイスクリーム"",""いも天"",""おにぎり"",""お弁当"",""パン"",""お餅""}","{""アイス"",""あいす"",""イモ天"",""芋天"",""おむすび"",""オニギリ"",""オムスビ"",""お握り"",""弁当"",""ぱん"",""餅"",""もち""}","食べ物を扱う老舗のお店です。新鮮な商品を取り揃えています。","皿鉢料理","朝採れや作りたてを大切にしています。安心して選んでください。","毎週日曜の午前に出店。雨の日はお休みです。雑談は多めです。","🍙","第2・4日曜日",""
"279","道具・工具のお店 279","松井 光希","south","128","33.555016","133.53115","一丁目","道具・工具","{""ドライバー"",""スコップ"",""剪定鋏"",""包丁"",""はさみ"",""鎌"",""のこぎり""}","{}","道具・工具を扱う老舗のお店です。新鮮な商品を取り揃えています。","なし","地域の人も旅の人も、ほっとできる場所になれば嬉しいです。","昼前後まで出店。雨天は様子を見て判断します。雑談は控えめです。","🔪","毎週日曜日（雨天休み）",""
"280","生活雑貨のお店 280","青木 亮","south","129","33.554938","133.53115","七丁目","生活雑貨","{""ざる"",""かご"",""ほうき"",""タオル""}","{}","生活雑貨を扱う老舗のお店です。新鮮な商品を取り揃えています。","なし","旬の恵みを届けたくて続けています。気軽に声をかけてください。","朝7時ごろから昼過ぎまで。雨天はお休みします。雑談は多めです。","🧶","月2回程度（SNSで告知）",""
"281","植物・苗のお店 281","小松 美月","south","130","33.55486","133.53115","七丁目","植物・苗","{""観葉植物"",""多肉植物"",""苗木"",""種"",""球根""}","{}","植物・苗を扱う老舗のお店です。新鮮な商品を取り揃えています。","なし","地元の味を守りたい一心で作っています。おすすめがあれば教えます。","午前中心に出店。雨天でも可能な限り営業します。雑談は控えめです。","🌱","毎週日曜日 7:00-14:00","朝採れの新鮮な食材をお届けします。季節の味をお楽しみください。"
"282","アクセサリーのお店 282","松井 直人","south","131","33.554782","133.53115","七丁目","アクセサリー","{""かんざし"",""ブローチ"",""イヤリング"",""チャーム"",""アクセサリー"",""ピアス""}","{}","アクセサリーを扱う老舗のお店です。新鮮な商品を取り揃えています。","なし","家族で営む小さなお店です。毎週の出会いを楽しみにしています。","朝早くから開けています。雨天時は短縮営業です。雑談はほどほどです。","💍","不定期（月3回程度）",""
"283","手作り・工芸のお店 283","金子 大悟","south","132","33.554704","133.53115","七丁目","手作り・工芸","{""ガラス細工"",""陶器"",""木工品"",""染物"",""編み物"",""革製品"",""刺繍""}","{}","手作り・工芸を扱う老舗のお店です。新鮮な商品を取り揃えています。","なし","朝採れや作りたてを大切にしています。安心して選んでください。","毎週日曜の午前に出店。雨の日はお休みです。雑談は多めです。","🎨","毎週日曜日（8月休業）",""
"284","食材のお店 284","大西 茜","south","133","33.554626","133.53115","七丁目","食材","{""ぶどう"",""梨"",""なす"",""きゅうり""}","{""ブドウ"",""葡萄"",""なし"",""ナス"",""茄子"",""キュウリ""}","食材を扱う老舗のお店です。新鮮な商品を取り揃えています。","皿鉢料理","地域の人も旅の人も、ほっとできる場所になれば嬉しいです。","昼前後まで出店。雨天は様子を見て判断します。雑談は控えめです。","🥕","毎週日曜日",""
"285","食べ物のお店 285","阿部 雅人","south","134","33.554548","133.53115","七丁目","食べ物","{""おはぎ"",""アイスクリーム"",""いも天"",""おにぎり"",""お弁当""}","{""お萩"",""オハギ"",""アイス"",""あいす"",""イモ天"",""芋天"",""おむすび"",""オニギリ"",""オムスビ"",""お握り"",""弁当""}","食べ物を扱う老舗のお店です。新鮮な商品を取り揃えています。","ゆず味噌","旬の恵みを届けたくて続けています。気軽に声をかけてください。","朝7時ごろから昼過ぎまで。雨天はお休みします。雑談は多めです。","🍙","第1・3日曜日",""
"286","道具・工具のお店 286","大塚 直美","south","135","33.55447","133.53115","七丁目","道具・工具","{""スコップ"",""剪定鋏"",""包丁"",""はさみ"",""鎌"",""のこぎり""}","{}","道具・工具を扱う老舗のお店です。新鮮な商品を取り揃えています。","なし","地元の味を守りたい一心で作っています。おすすめがあれば教えます。","午前中心に出店。雨天でも可能な限り営業します。雑談は控えめです。","🔪","第2・4日曜日","新鮮な地元野菜を毎朝仕入れています。ぜひお声がけください！"
"287","生活雑貨のお店 287","池田 陽菜","south","136","33.554392","133.53115","七丁目","生活雑貨","{""かご"",""ほうき"",""タオル"",""石鹸"",""食器"",""お箸"",""弁当箱""}","{""箸""}","生活雑貨を扱う老舗のお店です。新鮮な商品を取り揃えています。","なし","家族で営む小さなお店です。毎週の出会いを楽しみにしています。","朝早くから開けています。雨天時は短縮営業です。雑談はほどほどです。","🧶","毎週日曜日（雨天休み）",""
"288","植物・苗のお店 288","松井 俊介","south","137","33.554314","133.53115","七丁目","植物・苗","{""多肉植物"",""苗木"",""種"",""球根""}","{}","植物・苗を扱う老舗のお店です。新鮮な商品を取り揃えています。","なし","朝採れや作りたてを大切にしています。安心して選んでください。","毎週日曜の午前に出店。雨の日はお休みです。雑談は多めです。","🌱","月2回程度（SNSで告知）","手作りにこだわった商品ばかりです。一つ一つ心を込めて作っています。"
"289","アクセサリーのお店 289","中野 光希","south","138","33.554236","133.53115","七丁目","アクセサリー","{""ブローチ"",""イヤリング"",""チャーム"",""アクセサリー"",""ピアス""}","{}","アクセサリーを扱う老舗のお店です。新鮮な商品を取り揃えています。","なし","地域の人も旅の人も、ほっとできる場所になれば嬉しいです。","昼前後まで出店。雨天は様子を見て判断します。雑談は控えめです。","💍","毎週日曜日 7:00-14:00","家族で営んでいる小さなお店です。いつも応援ありがとうございます！"
"290","手作り・工芸のお店 290","山田 陽菜","south","139","33.554158","133.53115","七丁目","手作り・工芸","{""陶器"",""木工品"",""染物"",""編み物"",""革製品"",""刺繍""}","{}","手作り・工芸を扱う老舗のお店です。新鮮な商品を取り揃えています。","なし","旬の恵みを届けたくて続けています。気軽に声をかけてください。","朝7時ごろから昼過ぎまで。雨天はお休みします。雑談は多めです。","🎨","不定期（月3回程度）",""
"291","食材のお店 291","岡田 愛菜","south","140","33.55408","133.53115","七丁目","食材","{""きゅうり"",""じゃがいも"",""玉ねぎ"",""しょうゆ"",""味噌"",""塩"",""酢""}","{""キュウリ"",""ジャガイモ"",""馬鈴薯"",""じゃが芋"",""たまねぎ"",""タマネギ"",""玉葱"",""醤油"",""しょう油"",""ショウユ"",""みそ"",""ミソ"",""しお"",""す""}","食材を扱う老舗のお店です。新鮮な商品を取り揃えています。","ゆず味噌","地元の味を守りたい一心で作っています。おすすめがあれば教えます。","午前中心に出店。雨天でも可能な限り営業します。雑談は控えめです。","🥕","毎週日曜日（8月休業）",""
"292","食べ物のお店 292","菊地 翔太","south","141","33.554002","133.53115","七丁目","食べ物","{""団子"",""おはぎ"",""アイスクリーム"",""いも天""}","{""だんご"",""ダンゴ"",""お萩"",""オハギ"",""アイス"",""あいす"",""イモ天"",""芋天""}","食べ物を扱う老舗のお店です。新鮮な商品を取り揃えています。","うつぼの唐揚げ","家族で営む小さなお店です。毎週の出会いを楽しみにしています。","朝早くから開けています。雨天時は短縮営業です。雑談はほどほどです。","🍙","毎週日曜日","昔ながらの製法を守り続けています。伝統の味をぜひご賞味ください。"
"293","道具・工具のお店 293","鈴木 杏","south","142","33.553924","133.53115","七丁目","道具・工具","{""剪定鋏"",""包丁"",""はさみ"",""鎌"",""のこぎり""}","{}","道具・工具を扱う老舗のお店です。新鮮な商品を取り揃えています。","なし","朝採れや作りたてを大切にしています。安心して選んでください。","毎週日曜の午前に出店。雨の日はお休みです。雑談は多めです。","🔪","第1・3日曜日",""
"294","生活雑貨のお店 294","新井 健太","south","143","33.553846","133.53115","七丁目","生活雑貨","{""ほうき"",""タオル"",""石鹸"",""食器"",""お箸"",""弁当箱""}","{""箸""}","生活雑貨を扱う老舗のお店です。新鮮な商品を取り揃えています。","なし","地域の人も旅の人も、ほっとできる場所になれば嬉しいです。","昼前後まで出店。雨天は様子を見て判断します。雑談は控えめです。","🧶","第2・4日曜日","地元で愛されて50年。変わらぬ味を提供し続けます。"
"295","植物・苗のお店 295","原 直樹","south","144","33.553768","133.53115","七丁目","植物・苗","{""苗木"",""種"",""球根"",""肥料"",""植木鉢"",""トマト苗"",""ハーブ""}","{""とまと苗""}","植物・苗を扱う老舗のお店です。新鮮な商品を取り揃えています。","なし","旬の恵みを届けたくて続けています。気軽に声をかけてください。","朝7時ごろから昼過ぎまで。雨天はお休みします。雑談は多めです。","🌱","毎週日曜日（雨天休み）","無農薬・有機栽培にこだわっています。安心安全な野菜をどうぞ。"
"296","アクセサリーのお店 296","鈴木 莉央","south","145","33.55369","133.53115","七丁目","アクセサリー","{""イヤリング"",""チャーム"",""アクセサリー"",""ピアス""}","{}","アクセサリーを扱う老舗のお店です。新鮮な商品を取り揃えています。","なし","地元の味を守りたい一心で作っています。おすすめがあれば教えます。","午前中心に出店。雨天でも可能な限り営業します。雑談は控えめです。","💍","月2回程度（SNSで告知）",""
"297","手作り・工芸のお店 297","遠藤 美咲","south","146","33.553612","133.53115","七丁目","手作り・工芸","{""木工品"",""染物"",""編み物"",""革製品"",""刺繍""}","{}","手作り・工芸を扱う老舗のお店です。新鮮な商品を取り揃えています。","なし","家族で営む小さなお店です。毎週の出会いを楽しみにしています。","朝早くから開けています。雨天時は短縮営業です。雑談はほどほどです。","🎨","毎週日曜日 7:00-14:00",""
"298","食材のお店 298","福田 海里","south","147","33.553534","133.53115","七丁目","食材","{""しょうゆ"",""味噌"",""塩"",""酢"",""油"",""だし""}","{""醤油"",""しょう油"",""ショウユ"",""みそ"",""ミソ"",""しお"",""す"",""あぶら"",""オイル"",""出汁"",""ダシ""}","食材を扱う老舗のお店です。新鮮な商品を取り揃えています。","うつぼの唐揚げ","朝採れや作りたてを大切にしています。安心して選んでください。","毎週日曜の午前に出店。雨の日はお休みです。雑談は多めです。","🥕","不定期（月3回程度）","手作りにこだわった商品ばかりです。一つ一つ心を込めて作っています。"
"299","食べ物のお店 299","大西 晴香","south","148","33.553456","133.53115","七丁目","食べ物","{""たこ焼き"",""団子"",""おはぎ"",""アイスクリーム"",""いも天"",""おにぎり"",""お弁当""}","{""タコ焼き"",""タコヤキ"",""だんご"",""ダンゴ"",""お萩"",""オハギ"",""アイス"",""あいす"",""イモ天"",""芋天"",""おむすび"",""オニギリ"",""オムスビ"",""お握り"",""弁当""}","食べ物を扱う老舗のお店です。新鮮な商品を取り揃えています。","ぐる煮","地域の人も旅の人も、ほっとできる場所になれば嬉しいです。","昼前後まで出店。雨天は様子を見て判断します。雑談は控えめです。","🍙","毎週日曜日（8月休業）","家族で営んでいる小さなお店です。いつも応援ありがとうございます！"
"300","道具・工具のお店 300","宮崎 直人","south","149","33.553378","133.53115","七丁目","道具・工具","{""包丁"",""はさみ"",""鎌"",""のこぎり""}","{}","道具・工具を扱う老舗のお店です。新鮮な商品を取り揃えています。","なし","旬の恵みを届けたくて続けています。気軽に声をかけてください。","朝7時ごろから昼過ぎまで。雨天はお休みします。雑談は多めです。","🔪","毎週日曜日",""
