id,shop_name,owner_name,strength,style,category_id,must_change_password,created_at,updated_at,role
24c27e01-548a-40f8-974c-2eefbdf4a0fd,谷口のお店,谷口 優,この辺でタオル言うたらここやき。ひとつあると安心やき。 気になったら声かけてよ。 見たら思わず手が伸びるがよ。,昼前後まで出店。雨天は様子を見て判断します。雑談は控えめです。,57b32c4e-0985-42be-af4b-e2869889cf94,true,2026-01-06 05:58:43.30179+00,2026-02-24 08:53:43.074904+00,vendor
bed27e2e-d631-45df-9bb9-74809e2f1f11,多肉植物の庭,松井 俊介,多肉植物の庭の種は評判やきね。仕上げがきれいに出ちゅう。 こりゃおすすめやき。 ここは外さんと損やき。,毎週日曜の午前に出店。雨の日はお休みです。雑談は多めです。,64b50182-b527-47a9-81c4-2fd1dc2681e9,true,2026-01-06 05:58:44.328645+00,2026-02-24 08:53:43.074904+00,vendor
c2af89a7-33c6-4c76-becd-909c904c0571,鎌の工房,岡田 美紀,えいのこぎりが揃うちゅう。こだわりが見える品やき。 ついでに寄ってみいや。,昼前後まで出店。雨天は様子を見て判断します。雑談は控えめです。,5df86d0b-002d-4bf5-ac2e-500ec532adaa,true,2026-01-06 05:58:43.30179+00,2026-02-24 08:53:43.074904+00,vendor
4e20142d-0644-47fe-89eb-8a8952bef7f5,山本のお店,山本 直美,お弁当はここがいちばんやき。実物見ると印象変わるき。 見たら分かるき。,朝早くから開けています。雨天時は短縮営業です。雑談はほどほどです。,53a731e3-c3fe-46c0-921a-36b27ccd63a4,true,2026-01-06 05:58:44.328645+00,2026-02-24 08:53:43.074904+00,vendor
5dcd1023-00e2-496f-a6d0-e9c2b0145cec,革製品工房,中村 莉央,この辺で刺繍言うたらここやき。使うたら分かるがよ。 ついでに寄ってみいや。 見たら思わず手が伸びるがよ。,毎週日曜の午前に出店。雨の日はお休みです。雑談は多めです。,a0457227-4a7c-42a3-aff6-6424661fd517,true,2026-01-06 05:58:43.30179+00,2026-02-24 08:53:43.074904+00,vendor
72c6ed2b-9262-45ad-9f85-7bb8f6e0b604,土佐しょうゆ便,杉本 愛,あら、ここのお店、最近行ってないねぇ。今日は何が出ちゅうか、ちょっと見てきてくれん？,午前中心に出店。雨天でも可能な限り営業します。雑談は控えめです。,a0ddb575-c6c6-4bf0-83a7-05528747a5e8,true,2026-01-06 05:58:44.328645+00,2026-02-24 08:53:43.074904+00,vendor
9bef536e-397b-4a93-bdb2-318d43b3eb4d,季節の酢屋,松尾 俊介,酢目当てで来る人も多いがよ。使うたら分かるがよ。 気になったら声かけてよ。,昼前後まで出店。雨天は様子を見て判断します。雑談は控えめです。,a0ddb575-c6c6-4bf0-83a7-05528747a5e8,true,2026-01-06 05:58:43.30179+00,2026-02-24 08:53:43.074904+00,vendor
3bac4c22-b910-40f0-8e5e-fec9d6173e53,朝どれレタス店,藤井 海斗,りんごはここがいちばんやき。手元に置いたら嬉しなるき。 一回のぞいてみいや。,毎週日曜の午前に出店。雨の日はお休みです。雑談は多めです。,a0ddb575-c6c6-4bf0-83a7-05528747a5e8,true,2026-01-06 05:58:43.30179+00,2026-02-24 08:53:43.074904+00,vendor
57a93f54-8b05-44e0-9a05-772c71cba1b6,福田のお店,福田 海里,この辺で塩言うたらここやき。こだわりが見える品やき。 見たら分かるき。,毎週日曜の午前に出店。雨の日はお休みです。雑談は多めです。,a0ddb575-c6c6-4bf0-83a7-05528747a5e8,true,2026-01-06 05:58:44.328645+00,2026-02-24 08:53:43.074904+00,vendor
8a81553f-2711-4434-acf4-e60f299e9603,手しごと剪定鋏,山本 律,この店の包丁は、手間かけちゅうのが分かるき。 ついでに寄ってみいや。,毎週日曜の午前に出店。雨の日はお休みです。雑談は多めです。,5df86d0b-002d-4bf5-ac2e-500ec532adaa,true,2026-01-06 05:58:43.30179+00,2026-02-24 08:53:43.074904+00,vendor
c83a4054-9493-4b48-9656-bf2543c2a6b1,季節のしょうゆ屋,中川 真一,この辺でしょうゆ言うたらここやき。今日は出来がえい日やき。 外せんきね。 見たら思わず手が伸びるがよ。,午前中心に出店。雨天でも可能な限り営業します。雑談は控えめです。,a0ddb575-c6c6-4bf0-83a7-05528747a5e8,true,2026-01-06 05:58:43.30179+00,2026-02-24 08:53:43.074904+00,vendor
ca885532-2316-483d-8b41-a051446cb3cd,パンのたより,森田 悠斗,ここの団子、手元に置いたら嬉しなるき。 気になったら声かけてよ。,朝7時ごろから昼過ぎまで。雨天はお休みします。雑談は多めです。,53a731e3-c3fe-46c0-921a-36b27ccd63a4,true,2026-01-06 05:58:44.328645+00,2026-02-24 08:53:43.074904+00,vendor
e410f811-bd5d-4949-b901-a50b4c96f0e3,アクセサリーの首飾り,杉本 直人,今週はピアスがよう出ちゅう。気負わず使えるのがえい。 外せんきね。,朝7時ごろから昼過ぎまで。雨天はお休みします。雑談は多めです。,a333b487-8c16-428d-9708-1e8fe07d2bb4,true,2026-01-06 05:58:43.30179+00,2026-02-24 08:53:43.074904+00,vendor
fec0d5fa-7c0f-4aba-91f7-3b2b22e08741,大塚のお店,大塚 直美,スコップ、見たら気分が上がるで。仕上げがきれいに出ちゅう。 外せんきね。 毎回ちょっと覗きたくなる店よ。,午前中心に出店。雨天でも可能な限り営業します。雑談は控えめです。,5df86d0b-002d-4bf5-ac2e-500ec532adaa,true,2026-01-06 05:58:44.328645+00,2026-02-24 08:53:43.074904+00,vendor
bc7ffcea-21d2-4de0-9133-a61805f2331b,弁当箱屋さん,後藤 大悟,あら、ここのお店、最近行ってないねぇ。今日は何が出ちゅうか、ちょっと見てきてくれん？,昼前後まで出店。雨天は様子を見て判断します。雑談は控えめです。,57b32c4e-0985-42be-af4b-e2869889cf94,true,2026-01-06 05:58:44.328645+00,2026-02-24 08:53:43.074904+00,vendor
bc43d314-6f5b-44ee-a746-41e84cb5bf3c,お餅のたより,東 智也,焼き芋ひとつで印象変わるき。ひと目で惚れる人が多いき。 外せんきね。,毎週日曜の午前に出店。雨の日はお休みです。雑談は多めです。,53a731e3-c3fe-46c0-921a-36b27ccd63a4,true,2026-01-06 05:58:44.328645+00,2026-02-24 08:53:43.074904+00,vendor
f67eb1d6-67f1-46dc-ba44-a76ca8983207,きゅうりの台所,岡田 愛菜,まず酢から見てみいや。手に取った時がえいき。 ついでに寄ってみいや。 えいもんが揃っちゅうき。,午前中心に出店。雨天でも可能な限り営業します。雑談は控えめです。,a0ddb575-c6c6-4bf0-83a7-05528747a5e8,true,2026-01-06 05:58:44.328645+00,2026-02-24 08:53:43.074904+00,vendor
5f244fbd-9d86-431a-bba0-4e055aba81c9,佐野のお店,佐野 俊介,佐野のお店のイヤリングは評判やきね。普段使いにちょうどえい。 こりゃおすすめやき。 一度買うたらまた来とうなるき。,午前中心に出店。雨天でも可能な限り営業します。雑談は控えめです。,a333b487-8c16-428d-9708-1e8fe07d2bb4,true,2026-01-06 05:58:43.30179+00,2026-02-24 08:53:43.074904+00,vendor
14d28b1c-1e6c-489b-bc3a-e7cfd1ccc787,ほっこりお菓子亭,伊藤 大悟,たこ焼きはここがいちばんやき。実物見ると印象変わるき。 のぞくだけでも楽しいき。,午前中心に出店。雨天でも可能な限り営業します。雑談は控えめです。,53a731e3-c3fe-46c0-921a-36b27ccd63a4,true,2026-01-06 05:58:43.30179+00,2026-02-24 08:53:43.074904+00,vendor
162d75e0-eebf-4527-b4c9-7fcfc42dcf83,お菓子のたより,宮崎 悠斗,あら、ここのお店、最近行ってないねぇ。今日は何が出ちゅうか、ちょっと見てきてくれん？,毎週日曜の午前に出店。雨の日はお休みです。雑談は多めです。,53a731e3-c3fe-46c0-921a-36b27ccd63a4,true,2026-01-06 05:58:43.30179+00,2026-02-24 08:53:43.074904+00,vendor
0ca26e57-fcf6-4f90-860e-e2fcf40d3c53,花の苗園,長谷川 海斗,苗木、見たら気分が上がるで。こだわりが見える品やき。 手に取ってみてよ。,昼前後まで出店。雨天は様子を見て判断します。雑談は控えめです。,64b50182-b527-47a9-81c4-2fd1dc2681e9,true,2026-01-06 05:58:43.30179+00,2026-02-24 08:53:43.074904+00,vendor
aa886c28-2e61-4a44-add9-6d1382237833,渡辺のお店,渡辺 莉央,染物、見たら気分が上がるで。ひとつあると安心やき。 のぞくだけでも楽しいき。 一度買うたらまた来とうなるき。,昼前後まで出店。雨天は様子を見て判断します。雑談は控えめです。,a0457227-4a7c-42a3-aff6-6424661fd517,true,2026-01-06 05:58:43.30179+00,2026-02-24 08:53:43.074904+00,vendor
9a78f53d-d689-4ba2-b6e0-7ee618b0e663,池田のお店,池田 陽,このガラス細工、作りが丁寧やき。 のぞくだけでも楽しいき。,昼前後まで出店。雨天は様子を見て判断します。雑談は控えめです。,a0457227-4a7c-42a3-aff6-6424661fd517,true,2026-01-06 05:58:44.328645+00,2026-02-24 08:53:43.074904+00,vendor
1e158310-d445-49ac-b771-aabc5a0b4417,観葉植物苗屋,清水 翔,今日は苗木をのぞいていきや。色味がよう出ちゅう。 見たら分かるき。,午前中心に出店。雨天でも可能な限り営業します。雑談は控えめです。,64b50182-b527-47a9-81c4-2fd1dc2681e9,true,2026-01-06 05:58:44.328645+00,2026-02-24 08:53:43.074904+00,vendor
598e879f-aba5-400b-a2db-cfbb016a287c,のこぎり道具店,佐野 亜美,ここでのこぎりを選んだら外さんき。普段使いにちょうどえい。 今日は寄ってみいや。,午前中心に出店。雨天でも可能な限り営業します。雑談は控えめです。,5df86d0b-002d-4bf5-ac2e-500ec532adaa,true,2026-01-06 05:58:44.328645+00,2026-02-24 08:53:43.074904+00,vendor
e101834f-4977-40dc-95c8-caaff88d44aa,土佐ぶどう便,福田 優太,迷うたら玉ねぎやね。持った感じが軽うてえい。 こりゃおすすめやき。,朝7時ごろから昼過ぎまで。雨天はお休みします。雑談は多めです。,a0ddb575-c6c6-4bf0-83a7-05528747a5e8,true,2026-01-06 05:58:43.30179+00,2026-02-24 08:53:43.074904+00,vendor
0c3abba1-8098-435d-af96-033ff930646b,杉山のお店,杉山 誠,あら、ここのお店、最近行ってないねぇ。今日は何が出ちゅうか、ちょっと見てきてくれん？,昼前後まで出店。雨天は様子を見て判断します。雑談は控えめです。,57b32c4e-0985-42be-af4b-e2869889cf94,true,2026-01-06 05:58:43.30179+00,2026-02-24 08:53:43.074904+00,vendor
00825850-a85b-4914-b14e-be160ab1a6d1,久保のお店,久保 慎太郎,あら、ここのお店、最近行ってないねぇ。今日は何が出ちゅうか、ちょっと見てきてくれん？,毎週日曜の午前に出店。雨の日はお休みです。雑談は多めです。,57b32c4e-0985-42be-af4b-e2869889cf94,true,2026-01-06 05:58:43.30179+00,2026-02-24 08:53:43.074904+00,vendor
6b77677e-a8f8-4ae8-a831-6b407498317e,屋台アイスクリーム,原 大悟,あら、ここのお店、最近行ってないねぇ。今日は何が出ちゅうか、ちょっと見てきてくれん？,朝7時ごろから昼過ぎまで。雨天はお休みします。雑談は多めです。,53a731e3-c3fe-46c0-921a-36b27ccd63a4,true,2026-01-06 05:58:43.30179+00,2026-02-24 08:53:43.074904+00,vendor
3dba8431-c30a-4a1f-a818-2625c3265fb8,高橋のお店,高橋 健,花の苗目当てで来る人も多いがよ。一回試してみると分かるき。 こりゃおすすめやき。 ここは外さんと損やき。,昼前後まで出店。雨天は様子を見て判断します。雑談は控えめです。,64b50182-b527-47a9-81c4-2fd1dc2681e9,true,2026-01-06 05:58:44.328645+00,2026-02-24 08:53:43.074904+00,vendor
6afc3af4-1cda-457c-a544-0665df12ca3f,ブレスレットブローチ,島田 萌,ブレスレットブローチのブローチは評判やきね。見た目と手触りが違うき。 のぞくだけでも楽しいき。,午前中心に出店。雨天でも可能な限り営業します。雑談は控えめです。,a333b487-8c16-428d-9708-1e8fe07d2bb4,true,2026-01-06 05:58:44.328645+00,2026-02-24 08:53:43.074904+00,vendor
d06d3d61-5037-4650-a3e6-d50c4d0f1030,道具の竹製品,坂本 光希,ちょいと布巾見ていきや。ひと目で惚れる人が多いき。 こりゃおすすめやき。 見たら思わず手が伸びるがよ。,午前中心に出店。雨天でも可能な限り営業します。雑談は控えめです。,57b32c4e-0985-42be-af4b-e2869889cf94,true,2026-01-06 05:58:43.30179+00,2026-02-24 08:53:43.074904+00,vendor
3c187fe1-4f57-4516-bcc3-6911f5df2b0b,山内のお店,山内 直美,ちょいときゅうり見ていきや。家にあると助かるき。 一回のぞいてみいや。 毎回ちょっと覗きたくなる店よ。,毎週日曜の午前に出店。雨の日はお休みです。雑談は多めです。,a0ddb575-c6c6-4bf0-83a7-05528747a5e8,true,2026-01-06 05:58:43.30179+00,2026-02-24 08:53:43.074904+00,vendor
56762944-fcdf-4c30-8ec5-cdbba24c95c4,土佐きゅうり便,原 彩,じゃがいもはここがいちばんやき。今朝見たとき一番えかったき。 のぞくだけでも楽しいき。,朝早くから開けています。雨天時は短縮営業です。雑談はほどほどです。,a0ddb575-c6c6-4bf0-83a7-05528747a5e8,true,2026-01-06 05:58:44.328645+00,2026-02-24 08:53:43.074904+00,vendor
5bd31835-e266-4a24-8dc7-567e9c4ce669,季節のきゅうり屋,菅原 玲央,えいしょうゆが揃うちゅう。手に取った時がえいき。 ついでに寄ってみいや。 毎回ちょっと覗きたくなる店よ。,昼前後まで出店。雨天は様子を見て判断します。雑談は控えめです。,a0ddb575-c6c6-4bf0-83a7-05528747a5e8,true,2026-01-06 05:58:43.30179+00,2026-02-24 08:53:43.074904+00,vendor
6c7f04ff-d72a-44d3-b3dc-8d7a131f5a96,山本のお店,山本 玲央,ここで多肉植物を選んだら外さんき。気負わず使えるのがえい。 ついでに寄ってみいや。 毎回ちょっと覗きたくなる店よ。,午前中心に出店。雨天でも可能な限り営業します。雑談は控えめです。,64b50182-b527-47a9-81c4-2fd1dc2681e9,true,2026-01-06 05:58:43.30179+00,2026-02-24 08:53:43.074904+00,vendor
b5a30fbc-e53b-4848-812f-dcd2ba3509b6,植木鉢園,柴田 隆,今日はトマト苗がえい日よ。ひと目で惚れる人が多いき。 あれこれ見てみいや。 ここは外さんと損やき。,毎週日曜の午前に出店。雨の日はお休みです。雑談は多めです。,64b50182-b527-47a9-81c4-2fd1dc2681e9,true,2026-01-06 05:58:44.328645+00,2026-02-24 08:53:43.074904+00,vendor
499e57b0-bda6-4f16-9f0b-024fae22d515,村上のお店,村上 律,あら、ここのお店、最近行ってないねぇ。今日は何が出ちゅうか、ちょっと見てきてくれん？,朝7時ごろから昼過ぎまで。雨天はお休みします。雑談は多めです。,5df86d0b-002d-4bf5-ac2e-500ec532adaa,true,2026-01-06 05:58:44.328645+00,2026-02-24 08:53:43.074904+00,vendor
e73c49da-1dff-4379-9a01-d0c351678aa9,のこぎりの工房,小川 栞,ここ来たらのこぎりは外せん。使うたら分かるがよ。 気になったら声かけてよ。,午前中心に出店。雨天でも可能な限り営業します。雑談は控えめです。,5df86d0b-002d-4bf5-ac2e-500ec532adaa,true,2026-01-06 05:58:43.30179+00,2026-02-24 08:53:43.074904+00,vendor
a4657897-08a6-4936-8f24-f6dc7c73ef7f,アイスクリームのたより,谷口 萌,おにぎり目当てで来る人も多いがよ。作りが丁寧やき。 こりゃおすすめやき。 これ目当てに来る人がおるで。,毎週日曜の午前に出店。雨の日はお休みです。雑談は多めです。,53a731e3-c3fe-46c0-921a-36b27ccd63a4,true,2026-01-06 05:58:43.30179+00,2026-02-24 08:53:43.074904+00,vendor
0be4efea-0de0-4308-bd81-1bb088f77147,屋台お餅,小川 杏,ここでお菓子を選んだら外さんき。こだわりが見える品やき。 手に取ってみてよ。,朝7時ごろから昼過ぎまで。雨天はお休みします。雑談は多めです。,53a731e3-c3fe-46c0-921a-36b27ccd63a4,true,2026-01-06 05:58:43.30179+00,2026-02-24 08:53:43.074904+00,vendor
5e727330-466d-4c0c-8fca-bd1428626025,ハーブの庭,丸山 拓也,迷うたら観葉植物やね。実物見ると印象変わるき。 ついでに寄ってみいや。 毎回ちょっと覗きたくなる店よ。,朝早くから開けています。雨天時は短縮営業です。雑談はほどほどです。,64b50182-b527-47a9-81c4-2fd1dc2681e9,true,2026-01-06 05:58:44.328645+00,2026-02-24 08:53:43.074904+00,vendor
c936752f-d084-47f5-9436-d5468b726924,砥石の工房,渡辺 亜美,迷うたらスコップやね。色味がよう出ちゅう。 今日は寄ってみいや。,朝7時ごろから昼過ぎまで。雨天はお休みします。雑談は多めです。,5df86d0b-002d-4bf5-ac2e-500ec532adaa,true,2026-01-06 05:58:44.328645+00,2026-02-24 08:53:43.074904+00,vendor
d74db97c-e573-471b-bcaf-7213bae295b9,朝どれ酢店,山崎 健,ここでレタスを選んだら外さんき。一回試してみると分かるき。 見たら分かるき。 よう評判が立ちゅうきね。,毎週日曜の午前に出店。雨の日はお休みです。雑談は多めです。,a0ddb575-c6c6-4bf0-83a7-05528747a5e8,true,2026-01-06 05:58:44.328645+00,2026-02-24 08:53:43.074904+00,vendor
fda6436d-5efd-4a12-99d2-e3a4dae91812,植木鉢園本舗,原田 健太,えい観葉植物が揃うちゅう。普段使いにちょうどえい。 見たら分かるき。 えいもんが揃っちゅうき。,毎週日曜の午前に出店。雨の日はお休みです。雑談は多めです。,64b50182-b527-47a9-81c4-2fd1dc2681e9,true,2026-01-06 05:58:43.30179+00,2026-02-24 08:53:43.074904+00,vendor
6c23522a-a328-4ab6-8178-396d10b90df7,手しごとはさみ,吉川 涼,ここのナイフ、家にあると助かるき。 のぞくだけでも楽しいき。 毎回ちょっと覗きたくなる店よ。,朝早くから開けています。雨天時は短縮営業です。雑談はほどほどです。,5df86d0b-002d-4bf5-ac2e-500ec532adaa,true,2026-01-06 05:58:44.328645+00,2026-02-24 08:53:43.074904+00,vendor
2856102a-8301-40f5-af22-49180d7fc654,アクセサリーブローチ,加藤 光,アクセサリーブローチのブレスレットは評判やきね。手に取った時がえいき。 一回のぞいてみいや。 おばあが今いちばん推す店よ。,朝7時ごろから昼過ぎまで。雨天はお休みします。雑談は多めです。,a333b487-8c16-428d-9708-1e8fe07d2bb4,true,2026-01-06 05:58:44.328645+00,2026-02-24 08:53:43.074904+00,vendor
53d43fe4-5634-42fb-9a92-1a81bdd63470,ネックレスのしずく,木村 悠,この店の推しはかんざし。使うたら分かるがよ。 外せんきね。 よう評判が立ちゅうきね。,昼前後まで出店。雨天は様子を見て判断します。雑談は控えめです。,a333b487-8c16-428d-9708-1e8fe07d2bb4,true,2026-01-06 05:58:44.328645+00,2026-02-24 08:53:43.074904+00,vendor
b98c20b6-37c2-41f9-abbd-3737dc1aa016,鎌道具店,中山 玲央,この辺で彫刻刀言うたらここやき。仕上げがきれいに出ちゅう。 手に取ってみてよ。,昼前後まで出店。雨天は様子を見て判断します。雑談は控えめです。,5df86d0b-002d-4bf5-ac2e-500ec532adaa,true,2026-01-06 05:58:44.328645+00,2026-02-24 08:53:43.074904+00,vendor
3419b40e-2c2b-49e5-8bff-93106a59cf3f,肥料の庭,森田 紘,観葉植物、見たら気分が上がるで。手元に置いたら嬉しなるき。 今日は寄ってみいや。 朝いちに寄る人も多いき。,午前中心に出店。雨天でも可能な限り営業します。雑談は控えめです。,64b50182-b527-47a9-81c4-2fd1dc2681e9,true,2026-01-06 05:58:43.30179+00,2026-02-24 08:53:43.074904+00,vendor
a76e2656-8dcc-419a-9f27-3878a098fed8,彫刻刀の工房,金子 翼,ここでドライバーを選んだら外さんき。扱いやすいがよ。 今日は寄ってみいや。 これ目当てに来る人がおるで。,朝早くから開けています。雨天時は短縮営業です。雑談はほどほどです。,5df86d0b-002d-4bf5-ac2e-500ec532adaa,true,2026-01-06 05:58:43.30179+00,2026-02-24 08:53:43.074904+00,vendor
7c980cd1-b5b5-4405-9751-27ea880109b8,堅実はさみ舗,中村 恵,今日はナイフがえい日よ。ひとつあると安心やき。 のぞくだけでも楽しいき。 見たら思わず手が伸びるがよ。,朝早くから開けています。雨天時は短縮営業です。雑談はほどほどです。,5df86d0b-002d-4bf5-ac2e-500ec532adaa,true,2026-01-06 05:58:43.30179+00,2026-02-24 08:53:43.074904+00,vendor
186b9378-aa92-41da-84ea-781d2b7ffa59,大野のお店,大野 涼,ブローチはここがいちばんやき。気負わず使えるのがえい。 一回のぞいてみいや。 毎回ちょっと覗きたくなる店よ。,朝早くから開けています。雨天時は短縮営業です。雑談はほどほどです。,a333b487-8c16-428d-9708-1e8fe07d2bb4,true,2026-01-06 05:58:44.328645+00,2026-02-24 08:53:43.074904+00,vendor
aa5f1f46-7899-43ea-9cf1-7c164a13e187,暮らしのお箸屋,高橋 陽,迷うたら弁当箱やね。一回試してみると分かるき。 今日は寄ってみいや。 最近は特に人気やきね。,朝早くから開けています。雨天時は短縮営業です。雑談はほどほどです。,57b32c4e-0985-42be-af4b-e2869889cf94,true,2026-01-06 05:58:44.328645+00,2026-02-24 08:53:43.074904+00,vendor
8af1f473-2d4a-4bef-b41d-d17219b650f3,季節のぶどう屋,大西 茜,まずきゅうりから見てみいや。今朝見たとき一番えかったき。 一回のぞいてみいや。 えいもんが揃っちゅうき。,昼前後まで出店。雨天は様子を見て判断します。雑談は控えめです。,a0ddb575-c6c6-4bf0-83a7-05528747a5e8,true,2026-01-06 05:58:44.328645+00,2026-02-24 08:53:43.074904+00,vendor
39c5d7a1-1ad1-46a9-a2fd-3e9379a5c027,焼き芋のたより,島田 里奈,団子はここがいちばんやき。ひと目で惚れる人が多いき。 あれこれ見てみいや。 朝いちに寄る人も多いき。,昼前後まで出店。雨天は様子を見て判断します。雑談は控えめです。,53a731e3-c3fe-46c0-921a-36b27ccd63a4,true,2026-01-06 05:58:44.328645+00,2026-02-24 08:53:43.074904+00,vendor
a4bccc90-2b6d-4e2a-b33a-d46013446a4a,藤井のお店,藤井 優,この辺でいも天言うたらここやき。こだわりが見える品やき。 手に取ってみてよ。 見たら思わず手が伸びるがよ。,毎週日曜の午前に出店。雨の日はお休みです。雑談は多めです。,53a731e3-c3fe-46c0-921a-36b27ccd63a4,true,2026-01-06 05:58:44.328645+00,2026-02-24 08:53:43.074904+00,vendor
d684a105-6c9e-4788-8127-59e32d80a3ad,お弁当のひとくち,金子 聡,今日はたこ焼きをのぞいていきや。今日は出来がえい日やき。 ついでに寄ってみいや。,昼前後まで出店。雨天は様子を見て判断します。雑談は控えめです。,53a731e3-c3fe-46c0-921a-36b27ccd63a4,true,2026-01-06 05:58:43.30179+00,2026-02-24 08:53:43.074904+00,vendor
78a5c753-362e-468f-8613-033a990a099a,布巾屋さん,山本 大悟,今日はかごがえい日よ。一回試してみると分かるき。 一回のぞいてみいや。,毎週日曜の午前に出店。雨の日はお休みです。雑談は多めです。,57b32c4e-0985-42be-af4b-e2869889cf94,true,2026-01-06 05:58:44.328645+00,2026-02-24 08:53:43.074904+00,vendor
a761b04b-d28b-47a1-846e-da74faeb8c3a,植木鉢苗屋,大野 奈々,ハーブひとつで印象変わるき。家にあると助かるき。 ついでに寄ってみいや。,毎週日曜の午前に出店。雨の日はお休みです。雑談は多めです。,64b50182-b527-47a9-81c4-2fd1dc2681e9,true,2026-01-06 05:58:44.328645+00,2026-02-24 08:53:43.074904+00,vendor
13f192da-797b-44fd-81e8-810e05d5a1fd,ハーブ園,上田 佳奈,あら、ここのお店、最近行ってないねぇ。今日は何が出ちゅうか、ちょっと見てきてくれん？,朝早くから開けています。雨天時は短縮営業です。雑談はほどほどです。,64b50182-b527-47a9-81c4-2fd1dc2681e9,true,2026-01-06 05:58:43.30179+00,2026-02-24 08:53:43.074904+00,vendor
73886034-c428-4939-a1ae-2c2564e3fa68,たこ焼きのひとくち,渡部 大悟,この店のおはぎは、実物見ると印象変わるき。 のぞくだけでも楽しいき。 最近は特に人気やきね。,朝早くから開けています。雨天時は短縮営業です。雑談はほどほどです。,53a731e3-c3fe-46c0-921a-36b27ccd63a4,true,2026-01-06 05:58:44.328645+00,2026-02-24 08:53:43.074904+00,vendor
0f984cdf-72fe-4996-aa73-0f50acf1df09,みどりの肥料,酒井 誠,今日は肥料をのぞいていきや。普段使いにちょうどえい。 気になったら声かけてよ。,午前中心に出店。雨天でも可能な限り営業します。雑談は控えめです。,64b50182-b527-47a9-81c4-2fd1dc2681e9,true,2026-01-06 05:58:44.328645+00,2026-02-24 08:53:43.074904+00,vendor
c8f79e14-15f0-47a6-8a88-69fe4bdaa5ed,道具のかご,池田 陽菜,ちょいと弁当箱見ていきや。家にあると助かるき。 気になったら声かけてよ。,朝早くから開けています。雨天時は短縮営業です。雑談はほどほどです。,57b32c4e-0985-42be-af4b-e2869889cf94,true,2026-01-06 05:58:44.328645+00,2026-02-24 08:53:43.074904+00,vendor
4fe9914d-9b53-496a-933b-b9a37aaad00a,ブレスレットの首飾り,加藤 陽,この店の推しはかんざし。作りが丁寧やき。 のぞくだけでも楽しいき。 一度買うたらまた来とうなるき。,午前中心に出店。雨天でも可能な限り営業します。雑談は控えめです。,a333b487-8c16-428d-9708-1e8fe07d2bb4,true,2026-01-06 05:58:43.30179+00,2026-02-24 08:53:43.074904+00,vendor
95158bdb-0cda-4055-a893-4467213a73f0,東のお店,東 翔太,迷うたら革製品やね。手間かけちゅうのが分かるき。 一回のぞいてみいや。 一度買うたらまた来とうなるき。,朝早くから開けています。雨天時は短縮営業です。雑談はほどほどです。,a0457227-4a7c-42a3-aff6-6424661fd517,true,2026-01-06 05:58:43.30179+00,2026-02-24 08:53:43.074904+00,vendor
c17578ab-19c9-402a-9833-266f0da72b4a,編み物アトリエ,松本 茜,あら、ここのお店、最近行ってないねぇ。今日は何が出ちゅうか、ちょっと見てきてくれん？,午前中心に出店。雨天でも可能な限り営業します。雑談は控えめです。,a0457227-4a7c-42a3-aff6-6424661fd517,true,2026-01-06 05:58:44.328645+00,2026-02-24 08:53:43.074904+00,vendor
93357f6b-9247-4b4c-b1c4-85b70201df71,道具のかご本舗,松本 太郎,弁当箱ひとつで印象変わるき。作りが丁寧やき。 ついでに寄ってみいや。 えいもんが揃っちゅうき。,朝早くから開けています。雨天時は短縮営業です。雑談はほどほどです。,57b32c4e-0985-42be-af4b-e2869889cf94,true,2026-01-06 05:58:43.30179+00,2026-02-24 08:53:43.074904+00,vendor
0ba7babd-5403-42cd-8e47-79bb3ceb05d8,剪定鋏道具店,河野 智也,えい剪定鋏が揃うちゅう。手間かけちゅうのが分かるき。 今日は寄ってみいや。,毎週日曜の午前に出店。雨の日はお休みです。雑談は多めです。,5df86d0b-002d-4bf5-ac2e-500ec532adaa,true,2026-01-06 05:58:43.30179+00,2026-02-24 08:53:43.074904+00,vendor
ed0db9f1-2443-4348-afcf-ec539853a1d3,土佐レタス便,松本 誠,ここでバナナを選んだら外さんき。使うたら分かるがよ。 こりゃおすすめやき。,朝7時ごろから昼過ぎまで。雨天はお休みします。雑談は多めです。,a0ddb575-c6c6-4bf0-83a7-05528747a5e8,true,2026-01-06 05:58:44.328645+00,2026-02-24 08:53:43.074904+00,vendor
216bc08f-2939-47d4-be95-6122bf1e23d3,みどりのトマト苗,森田 結人,ここ来たら観葉植物は外せん。手間かけちゅうのが分かるき。 のぞくだけでも楽しいき。,朝7時ごろから昼過ぎまで。雨天はお休みします。雑談は多めです。,64b50182-b527-47a9-81c4-2fd1dc2681e9,true,2026-01-06 05:58:44.328645+00,2026-02-24 08:53:43.074904+00,vendor
ecd0a10c-b93e-4ad4-a56a-9645c3e218b7,指輪のしずく,金子 結人,この店の推しはかんざし。色味がよう出ちゅう。 気になったら声かけてよ。 よう評判が立ちゅうきね。,毎週日曜の午前に出店。雨の日はお休みです。雑談は多めです。,a333b487-8c16-428d-9708-1e8fe07d2bb4,true,2026-01-06 05:58:44.328645+00,2026-02-24 08:53:43.074904+00,vendor
4ab99d08-df8b-4b24-9dc8-80692362adab,斎藤のお店,斎藤 紗希,この辺で味噌言うたらここやき。扱いやすいがよ。 気になったら声かけてよ。,朝早くから開けています。雨天時は短縮営業です。雑談はほどほどです。,a0ddb575-c6c6-4bf0-83a7-05528747a5e8,true,2026-01-06 05:58:43.30179+00,2026-02-24 08:53:43.074904+00,vendor
9f97d07e-b7d1-4923-aebe-cb9e372312b3,ブレスレット細工,山下 直樹,ここでイヤリングを選んだら外さんき。仕上げがきれいに出ちゅう。 こりゃおすすめやき。,午前中心に出店。雨天でも可能な限り営業します。雑談は控えめです。,a333b487-8c16-428d-9708-1e8fe07d2bb4,true,2026-01-06 05:58:43.30179+00,2026-02-24 08:53:43.074904+00,vendor
48ae214d-77d1-4b4e-a825-072d4b8535bf,田中のお店,田中 夏美,この店の推しは多肉植物。手間かけちゅうのが分かるき。 外せんきね。,毎週日曜の午前に出店。雨の日はお休みです。雑談は多めです。,64b50182-b527-47a9-81c4-2fd1dc2681e9,true,2026-01-06 05:58:43.30179+00,2026-02-24 08:53:43.074904+00,vendor
5e92ece1-ac41-4cbd-b5f2-ff3a46f8ff59,多肉植物苗屋,佐藤 真央,あら、ここのお店、最近行ってないねぇ。今日は何が出ちゅうか、ちょっと見てきてくれん？,毎週日曜の午前に出店。雨の日はお休みです。雑談は多めです。,64b50182-b527-47a9-81c4-2fd1dc2681e9,true,2026-01-06 05:58:44.328645+00,2026-02-24 08:53:43.074904+00,vendor
d222c2a8-2550-4727-a1d0-d6e9ca3e9717,ざる日和,青木 亮,この辺でタオル言うたらここやき。持った感じが軽うてえい。 一回のぞいてみいや。,朝7時ごろから昼過ぎまで。雨天はお休みします。雑談は多めです。,57b32c4e-0985-42be-af4b-e2869889cf94,true,2026-01-06 05:58:44.328645+00,2026-02-24 08:53:43.074904+00,vendor
15fe84c8-ee49-4419-a74a-559b1a6a4138,おにぎりのひとくち,三浦 麻衣,パン目当てで来る人も多いがよ。扱いやすいがよ。 あれこれ見てみいや。 おばあが今いちばん推す店よ。,昼前後まで出店。雨天は様子を見て判断します。雑談は控えめです。,53a731e3-c3fe-46c0-921a-36b27ccd63a4,true,2026-01-06 05:58:43.30179+00,2026-02-24 08:53:43.074904+00,vendor
849d9ba8-06e5-495a-8382-bec19efb64be,大野のお店,大野 晴香,この店の推しは編み物。こだわりが見える品やき。 外せんきね。,朝7時ごろから昼過ぎまで。雨天はお休みします。雑談は多めです。,a0457227-4a7c-42a3-aff6-6424661fd517,true,2026-01-06 05:58:43.30179+00,2026-02-24 08:53:43.074904+00,vendor
0306d9f4-78d7-42a6-85d8-2f5cfc11de6e,いも天のたより,坂本 莉央,ちょいといも天見ていきや。ひと目で惚れる人が多いき。 ついでに寄ってみいや。 これ目当てに来る人がおるで。,昼前後まで出店。雨天は様子を見て判断します。雑談は控えめです。,53a731e3-c3fe-46c0-921a-36b27ccd63a4,true,2026-01-06 05:58:44.328645+00,2026-02-24 08:53:43.074904+00,vendor
7fd34773-8aa1-4248-b8e4-418f3b50b808,お箸日和,松本 桜,弁当箱はここがいちばんやき。作りが丁寧やき。 こりゃおすすめやき。 見たら思わず手が伸びるがよ。,朝早くから開けています。雨天時は短縮営業です。雑談はほどほどです。,57b32c4e-0985-42be-af4b-e2869889cf94,true,2026-01-06 05:58:43.30179+00,2026-02-24 08:53:43.074904+00,vendor
311c7611-062f-434a-adcd-390e2de121a3,かんざし細工,松井 直人,この店の推しはアクセサリー。持った感じが軽うてえい。 一回のぞいてみいや。,朝早くから開けています。雨天時は短縮営業です。雑談はほどほどです。,a333b487-8c16-428d-9708-1e8fe07d2bb4,true,2026-01-06 05:58:44.328645+00,2026-02-24 08:53:43.074904+00,vendor
334260b3-74f3-4480-a6f3-4dacc3e3b397,松本のお店,松本 萌,まず観葉植物から見てみいや。今朝見たとき一番えかったき。 こりゃおすすめやき。 おばあが今いちばん推す店よ。,毎週日曜の午前に出店。雨の日はお休みです。雑談は多めです。,64b50182-b527-47a9-81c4-2fd1dc2681e9,true,2026-01-06 05:58:43.30179+00,2026-02-24 08:53:43.074904+00,vendor
35b26385-df81-48ec-9e56-1e5e09d8ea57,村上のお店,村上 大悟,あら、ここのお店、最近行ってないねぇ。今日は何が出ちゅうか、ちょっと見てきてくれん？,朝7時ごろから昼過ぎまで。雨天はお休みします。雑談は多めです。,57b32c4e-0985-42be-af4b-e2869889cf94,true,2026-01-06 05:58:44.328645+00,2026-02-24 08:53:43.074904+00,vendor
6854b13e-86b3-488e-98be-68611ca3514d,包丁道具店,橋本 杏,この辺で包丁言うたらここやき。手元に置いたら嬉しなるき。 こりゃおすすめやき。 よう評判が立ちゅうきね。,朝7時ごろから昼過ぎまで。雨天はお休みします。雑談は多めです。,5df86d0b-002d-4bf5-ac2e-500ec532adaa,true,2026-01-06 05:58:43.30179+00,2026-02-24 08:53:43.074904+00,vendor
91179e38-a2d9-4125-9a6e-f736e766026c,暮らしのざる屋,横山 遥,今日はタオルをのぞいていきや。扱いやすいがよ。 あれこれ見てみいや。,朝7時ごろから昼過ぎまで。雨天はお休みします。雑談は多めです。,57b32c4e-0985-42be-af4b-e2869889cf94,true,2026-01-06 05:58:44.328645+00,2026-02-24 08:53:43.074904+00,vendor
a5860c2d-bf73-459d-8bfb-c78596426ea2,鎌の工房本舗,長谷川 玲子,ここ来たらナイフは外せん。実物見ると印象変わるき。 こりゃおすすめやき。,昼前後まで出店。雨天は様子を見て判断します。雑談は控えめです。,5df86d0b-002d-4bf5-ac2e-500ec532adaa,true,2026-01-06 05:58:44.328645+00,2026-02-24 08:53:43.074904+00,vendor
ef0d7f2b-0b55-4348-b9d2-b714cef599fa,道具の弁当箱,三浦 優,ざるはここがいちばんやき。今朝見たとき一番えかったき。 一回のぞいてみいや。 えいもんが揃っちゅうき。,昼前後まで出店。雨天は様子を見て判断します。雑談は控えめです。,57b32c4e-0985-42be-af4b-e2869889cf94,true,2026-01-06 05:58:43.30179+00,2026-02-24 08:53:43.074904+00,vendor
a234600e-a44f-4729-9bee-7175fe4f2b96,佐野のお店,佐野 大悟,あら、ここのお店、最近行ってないねぇ。今日は何が出ちゅうか、ちょっと見てきてくれん？,午前中心に出店。雨天でも可能な限り営業します。雑談は控えめです。,a0ddb575-c6c6-4bf0-83a7-05528747a5e8,true,2026-01-06 05:58:44.328645+00,2026-02-24 08:53:43.074904+00,vendor
7199fce7-688a-44f1-8bef-e1283010a4dd,木工品の手しごと,鈴木 真一,えい編み物が揃うちゅう。見た目と手触りが違うき。 のぞくだけでも楽しいき。,朝早くから開けています。雨天時は短縮営業です。雑談はほどほどです。,a0457227-4a7c-42a3-aff6-6424661fd517,true,2026-01-06 05:58:43.30179+00,2026-02-24 08:53:43.074904+00,vendor
11ca2fe6-a892-4f23-b584-22573c2425d0,みどりの苗木,高橋 修,この植木鉢、持った感じが軽うてえい。 外せんきね。 よう評判が立ちゅうきね。,朝7時ごろから昼過ぎまで。雨天はお休みします。雑談は多めです。,64b50182-b527-47a9-81c4-2fd1dc2681e9,true,2026-01-06 05:58:43.30179+00,2026-02-24 08:53:43.074904+00,vendor
c3f64cf2-6b52-40f9-9a01-4af19f30c249,上田のお店,上田 玲,迷うたらガラス細工やね。見た目と手触りが違うき。 外せんきね。 見たら思わず手が伸びるがよ。,午前中心に出店。雨天でも可能な限り営業します。雑談は控えめです。,a0457227-4a7c-42a3-aff6-6424661fd517,true,2026-01-06 05:58:43.30179+00,2026-02-24 08:53:43.074904+00,vendor
0b522481-50bd-47ef-a7bd-049c528afb88,のこぎり道具店本舗,宮崎 智也,ドライバーひとつで印象変わるき。実物見ると印象変わるき。 ついでに寄ってみいや。 一度買うたらまた来とうなるき。,午前中心に出店。雨天でも可能な限り営業します。雑談は控えめです。,5df86d0b-002d-4bf5-ac2e-500ec532adaa,true,2026-01-06 05:58:43.30179+00,2026-02-24 08:53:43.074904+00,vendor
91fa5a29-1aa0-4fde-9018-ef928c5c4c0c,土佐みかん便,宮崎 優希,まずぶどうから見てみいや。今日は出来がえい日やき。 外せんきね。,朝7時ごろから昼過ぎまで。雨天はお休みします。雑談は多めです。,a0ddb575-c6c6-4bf0-83a7-05528747a5e8,true,2026-01-06 05:58:44.328645+00,2026-02-24 08:53:43.074904+00,vendor
22b2cdcf-0f49-4896-b64a-6495e977c56b,ネックレスブローチ,大塚 健,指輪目当てで来る人も多いがよ。使うたら分かるがよ。 外せんきね。 よう評判が立ちゅうきね。,昼前後まで出店。雨天は様子を見て判断します。雑談は控えめです。,a333b487-8c16-428d-9708-1e8fe07d2bb4,true,2026-01-06 05:58:43.30179+00,2026-02-24 08:53:43.074904+00,vendor
81f9d57d-4021-4930-b455-536e1c4848bf,団子のたより,野口 遥香,団子のたよりのアイスクリームは評判やきね。作りが丁寧やき。 あれこれ見てみいや。 一度買うたらまた来とうなるき。,朝7時ごろから昼過ぎまで。雨天はお休みします。雑談は多めです。,53a731e3-c3fe-46c0-921a-36b27ccd63a4,true,2026-01-06 05:58:44.328645+00,2026-02-24 08:53:43.074904+00,vendor
75f41411-895b-40da-9e9a-d9a4cd9ad59f,ドライバー道具店,松井 光希,あら、ここのお店、最近行ってないねぇ。今日は何が出ちゅうか、ちょっと見てきてくれん？,昼前後まで出店。雨天は様子を見て判断します。雑談は控えめです。,5df86d0b-002d-4bf5-ac2e-500ec532adaa,true,2026-01-06 05:58:44.328645+00,2026-02-24 08:53:43.074904+00,vendor
bbe82826-6dff-4494-a28c-c83b74587010,手しごとナイフ,谷口 香織,この店の剪定鋏は、こだわりが見える品やき。 外せんきね。,毎週日曜の午前に出店。雨の日はお休みです。雑談は多めです。,5df86d0b-002d-4bf5-ac2e-500ec532adaa,true,2026-01-06 05:58:44.328645+00,2026-02-24 08:53:43.074904+00,vendor
913a0908-4868-4ce7-a35d-bd5d5c184a9c,みどりのハーブ,千葉 大地,まずハーブから見てみいや。持った感じが軽うてえい。 ついでに寄ってみいや。,朝早くから開けています。雨天時は短縮営業です。雑談はほどほどです。,64b50182-b527-47a9-81c4-2fd1dc2681e9,true,2026-01-06 05:58:44.328645+00,2026-02-24 08:53:43.074904+00,vendor
5eeb5889-7784-49b0-a2c8-d2695b44a78b,刺繍細工店,近藤 春香,この竹細工、気負わず使えるのがえい。 ついでに寄ってみいや。 毎回ちょっと覗きたくなる店よ。,朝7時ごろから昼過ぎまで。雨天はお休みします。雑談は多めです。,a0457227-4a7c-42a3-aff6-6424661fd517,true,2026-01-06 05:58:44.328645+00,2026-02-24 08:53:43.074904+00,vendor
49cf36d6-9a28-442d-b9f6-e8714045dbc7,イヤリングの首飾り,野口 玲奈,ここのアクセサリー、気負わず使えるのがえい。 こりゃおすすめやき。 見たら思わず手が伸びるがよ。,午前中心に出店。雨天でも可能な限り営業します。雑談は控えめです。,a333b487-8c16-428d-9708-1e8fe07d2bb4,true,2026-01-06 05:58:43.30179+00,2026-02-24 08:53:43.074904+00,vendor
37bcb86e-1dc1-4870-b82a-fec31000d5f2,焼き芋のひとくち,加藤 綾,今日はアイスクリームがえい日よ。使うたら分かるがよ。 一回のぞいてみいや。 最近は特に人気やきね。,昼前後まで出店。雨天は様子を見て判断します。雑談は控えめです。,53a731e3-c3fe-46c0-921a-36b27ccd63a4,true,2026-01-06 05:58:43.30179+00,2026-02-24 08:53:43.074904+00,vendor
2bd71a65-7316-4a7d-a720-8a462e527139,陶器アトリエ,山田 陽菜,刺繍目当てで来る人も多いがよ。見た目と手触りが違うき。 一回のぞいてみいや。,朝7時ごろから昼過ぎまで。雨天はお休みします。雑談は多めです。,a0457227-4a7c-42a3-aff6-6424661fd517,true,2026-01-06 05:58:44.328645+00,2026-02-24 08:53:43.074904+00,vendor
49b32630-5cd7-44c1-97b9-fc6ec624a902,金子のお店,金子 大悟,ここ来たら編み物は外せん。普段使いにちょうどえい。 今日は寄ってみいや。,毎週日曜の午前に出店。雨の日はお休みです。雑談は多めです。,a0457227-4a7c-42a3-aff6-6424661fd517,true,2026-01-06 05:58:44.328645+00,2026-02-24 08:53:43.074904+00,vendor
f4af9d7e-df70-4742-9367-df7f488c77cf,染物工房,松井 健,この店の推しは編み物。使うたら分かるがよ。 一回のぞいてみいや。,昼前後まで出店。雨天は様子を見て判断します。雑談は控えめです。,a0457227-4a7c-42a3-aff6-6424661fd517,true,2026-01-06 05:58:43.30179+00,2026-02-24 08:53:43.074904+00,vendor
d507607b-511e-41cc-b7d8-0a992e73f461,木工品の手しごと本舗,今井 陽,この店の刺繍は、作りが丁寧やき。 外せんきね。,朝早くから開けています。雨天時は短縮営業です。雑談はほどほどです。,a0457227-4a7c-42a3-aff6-6424661fd517,true,2026-01-06 05:58:43.30179+00,2026-02-24 08:53:43.074904+00,vendor
4ce2e016-1ca3-4810-803b-aef0cecdb2e0,小林のお店,小林 亮,今週はスコップがよう出ちゅう。一回試してみると分かるき。 手に取ってみてよ。,朝7時ごろから昼過ぎまで。雨天はお休みします。雑談は多めです。,5df86d0b-002d-4bf5-ac2e-500ec532adaa,true,2026-01-06 05:58:43.30179+00,2026-02-24 08:53:43.074904+00,vendor
734a1e39-48a3-4707-a6b6-5ebc7a39d068,山崎のお店,山崎 優太,山崎のお店のぶどうは評判やきね。実物見ると印象変わるき。 外せんきね。,朝早くから開けています。雨天時は短縮営業です。雑談はほどほどです。,a0ddb575-c6c6-4bf0-83a7-05528747a5e8,true,2026-01-06 05:58:44.328645+00,2026-02-24 08:53:43.074904+00,vendor
38893624-c97f-4529-8200-a72a2be69873,吉川のお店,吉川 悠斗,この店の肥料は、こだわりが見える品やき。 あれこれ見てみいや。 これ目当てに来る人がおるで。,朝7時ごろから昼過ぎまで。雨天はお休みします。雑談は多めです。,64b50182-b527-47a9-81c4-2fd1dc2681e9,true,2026-01-06 05:58:43.30179+00,2026-02-24 08:53:43.074904+00,vendor
843c4e59-bb4d-4a00-bdd5-8a6d9ba80e5c,青木のお店,青木 健,あら、ここのお店、最近行ってないねぇ。今日は何が出ちゅうか、ちょっと見てきてくれん？,朝7時ごろから昼過ぎまで。雨天はお休みします。雑談は多めです。,a333b487-8c16-428d-9708-1e8fe07d2bb4,true,2026-01-06 05:58:43.30179+00,2026-02-24 08:53:43.074904+00,vendor
a3a7a4ae-eb08-49b8-881b-130b4326d721,絵画アトリエ,松本 優子,竹細工はここがいちばんやき。気負わず使えるのがえい。 今日は寄ってみいや。 おばあが今いちばん推す店よ。,朝早くから開けています。雨天時は短縮営業です。雑談はほどほどです。,a0457227-4a7c-42a3-aff6-6424661fd517,true,2026-01-06 05:58:44.328645+00,2026-02-24 08:53:43.074904+00,vendor
fddda424-19c1-460a-aa3c-d4f10a57c5cb,トマト苗苗屋,木下 幸子,観葉植物ひとつで印象変わるき。ひとつあると安心やき。 あれこれ見てみいや。,朝7時ごろから昼過ぎまで。雨天はお休みします。雑談は多めです。,64b50182-b527-47a9-81c4-2fd1dc2681e9,true,2026-01-06 05:58:43.30179+00,2026-02-24 08:53:43.074904+00,vendor
bb1452cc-75ca-4632-a833-db109e8d8119,ヘアピンの首飾り,大西 真由,ヘアピンひとつで印象変わるき。作りが丁寧やき。 こりゃおすすめやき。 これ目当てに来る人がおるで。,朝7時ごろから昼過ぎまで。雨天はお休みします。雑談は多めです。,a333b487-8c16-428d-9708-1e8fe07d2bb4,true,2026-01-06 05:58:43.30179+00,2026-02-24 08:53:43.074904+00,vendor
5fde7efd-11d8-4f9c-80b5-ef50e81d211a,土佐きゅうり便本舗,山崎 剛,玉ねぎ目当てで来る人も多いがよ。持った感じが軽うてえい。 手に取ってみてよ。 おばあが今いちばん推す店よ。,朝早くから開けています。雨天時は短縮営業です。雑談はほどほどです。,a0ddb575-c6c6-4bf0-83a7-05528747a5e8,true,2026-01-06 05:58:43.30179+00,2026-02-24 08:53:43.074904+00,vendor
4f394b63-1ed0-45fc-979b-4230d05c4656,包丁の工房,安藤 幸子,この店の包丁は、普段使いにちょうどえい。 ついでに寄ってみいや。,朝7時ごろから昼過ぎまで。雨天はお休みします。雑談は多めです。,5df86d0b-002d-4bf5-ac2e-500ec532adaa,true,2026-01-06 05:58:43.30179+00,2026-02-24 08:53:43.074904+00,vendor
c77221a0-2012-4e51-b126-377243ade3a4,朝どれ酢店本舗,佐々木 美紀,ちょいと油見ていきや。色味がよう出ちゅう。 見たら分かるき。,午前中心に出店。雨天でも可能な限り営業します。雑談は控えめです。,a0ddb575-c6c6-4bf0-83a7-05528747a5e8,true,2026-01-06 05:58:43.30179+00,2026-02-24 08:53:43.074904+00,vendor
a3f7f3d1-4ca4-425f-8c54-a66465635c70,タオル日和,佐々木 麻衣,ここの布巾、ひと目で惚れる人が多いき。 外せんきね。 えいもんが揃っちゅうき。,午前中心に出店。雨天でも可能な限り営業します。雑談は控えめです。,57b32c4e-0985-42be-af4b-e2869889cf94,true,2026-01-06 05:58:43.30179+00,2026-02-24 08:53:43.074904+00,vendor
f10280a7-bc29-4833-a854-fa03c7951605,木工品の手しごと屋,山本 玲,あら、ここのお店、最近行ってないねぇ。今日は何が出ちゅうか、ちょっと見てきてくれん？,朝早くから開けています。雨天時は短縮営業です。雑談はほどほどです。,a0457227-4a7c-42a3-aff6-6424661fd517,true,2026-01-06 05:58:43.30179+00,2026-02-24 08:53:43.074904+00,vendor
06506fdb-ae91-4b6c-87d3-006a027622f9,ブローチブローチ,杉山 智也,ネックレスはここがいちばんやき。家にあると助かるき。 あれこれ見てみいや。,昼前後まで出店。雨天は様子を見て判断します。雑談は控えめです。,a333b487-8c16-428d-9708-1e8fe07d2bb4,true,2026-01-06 05:58:44.328645+00,2026-02-24 08:53:43.074904+00,vendor
999b3b31-30f4-43ac-9cfd-13cff33f5acb,多肉植物苗屋本舗,高木 陽太,迷うたら球根やね。手間かけちゅうのが分かるき。 外せんきね。,毎週日曜の午前に出店。雨の日はお休みです。雑談は多めです。,64b50182-b527-47a9-81c4-2fd1dc2681e9,true,2026-01-06 05:58:43.30179+00,2026-02-24 08:53:43.074904+00,vendor
10ba0b23-c9a7-49f8-9d06-8754c7306616,ガラス細工工房,工藤 莉央,あら、ここのお店、最近行ってないねぇ。今日は何が出ちゅうか、ちょっと見てきてくれん？,毎週日曜の午前に出店。雨の日はお休みです。雑談は多めです。,a0457227-4a7c-42a3-aff6-6424661fd517,true,2026-01-06 05:58:44.328645+00,2026-02-24 08:53:43.074904+00,vendor
1f26fcb6-9dcd-4f00-8314-75c5ad75a619,お弁当のひとくち本舗,宮崎 聡,えいお菓子が揃うちゅう。普段使いにちょうどえい。 のぞくだけでも楽しいき。,朝早くから開けています。雨天時は短縮営業です。雑談はほどほどです。,53a731e3-c3fe-46c0-921a-36b27ccd63a4,true,2026-01-06 05:58:44.328645+00,2026-02-24 08:53:43.074904+00,vendor
bc3f9a4a-caca-4ba5-a77e-359db303a21a,チャームブローチ,小川 陽,あら、ここのお店、最近行ってないねぇ。今日は何が出ちゅうか、ちょっと見てきてくれん？,毎週日曜の午前に出店。雨の日はお休みです。雑談は多めです。,a333b487-8c16-428d-9708-1e8fe07d2bb4,true,2026-01-06 05:58:44.328645+00,2026-02-24 08:53:43.074904+00,vendor
247a2cf2-b0b1-4bde-aaa1-33e7a9e45f01,朝どれぶどう店,松尾 慎太郎,あら、ここのお店、最近行ってないねぇ。今日は何が出ちゅうか、ちょっと見てきてくれん？,朝7時ごろから昼過ぎまで。雨天はお休みします。雑談は多めです。,a0ddb575-c6c6-4bf0-83a7-05528747a5e8,true,2026-01-06 05:58:44.328645+00,2026-02-24 08:53:43.074904+00,vendor
84708a3c-1a95-4c6c-a199-c5de66aecdf0,斎藤のお店,斎藤 悠真,今日は肥料がえい日よ。一回試してみると分かるき。 気になったら声かけてよ。 毎回ちょっと覗きたくなる店よ。,午前中心に出店。雨天でも可能な限り営業します。雑談は控えめです。,64b50182-b527-47a9-81c4-2fd1dc2681e9,true,2026-01-06 05:58:43.30179+00,2026-02-24 08:53:43.074904+00,vendor
91c4bc51-34fd-4492-b1a0-376e687682a7,種の庭,西村 颯太,植木鉢なら間違いない店よ。今日は出来がえい日やき。 ついでに寄ってみいや。 最近は特に人気やきね。,朝早くから開けています。雨天時は短縮営業です。雑談はほどほどです。,64b50182-b527-47a9-81c4-2fd1dc2681e9,true,2026-01-06 05:58:44.328645+00,2026-02-24 08:53:43.074904+00,vendor
fddc1cca-d2f6-4545-a5ae-2a46b1fbc3f9,酒井のお店,酒井 光希,チャーム、見たら気分が上がるで。ひとつあると安心やき。 こりゃおすすめやき。,毎週日曜の午前に出店。雨の日はお休みです。雑談は多めです。,a333b487-8c16-428d-9708-1e8fe07d2bb4,true,2026-01-06 05:58:44.328645+00,2026-02-24 08:53:43.074904+00,vendor
f4c61a99-7674-4d0b-b455-0055eba1bf73,朝どれみかん店,中村 恭平,迷うたらぶどうやね。仕上げがきれいに出ちゅう。 ついでに寄ってみいや。 これ目当てに来る人がおるで。,毎週日曜の午前に出店。雨の日はお休みです。雑談は多めです。,a0ddb575-c6c6-4bf0-83a7-05528747a5e8,true,2026-01-06 05:58:44.328645+00,2026-02-24 08:53:43.074904+00,vendor
93522978-e5a9-4018-95c3-49faa38512c3,工藤のお店,工藤 徹,この辺で鎌言うたらここやき。手元に置いたら嬉しなるき。 見たら分かるき。,昼前後まで出店。雨天は様子を見て判断します。雑談は控えめです。,5df86d0b-002d-4bf5-ac2e-500ec532adaa,true,2026-01-06 05:58:43.30179+00,2026-02-24 08:53:43.074904+00,vendor
3df85075-4bc3-4f8b-8b96-1e5cc7a0c827,おにぎりのひとくち本舗,酒井 智也,おにぎりのひとくち本舗のお餅は評判やきね。使うたら分かるがよ。 外せんきね。 見たら思わず手が伸びるがよ。,昼前後まで出店。雨天は様子を見て判断します。雑談は控えめです。,53a731e3-c3fe-46c0-921a-36b27ccd63a4,true,2026-01-06 05:58:44.328645+00,2026-02-24 08:53:43.074904+00,vendor
96d9e96a-2538-4acd-9ac5-66ded04f91e0,ほっこりおはぎ亭,佐野 茜,おにぎり目当てで来る人も多いがよ。仕上げがきれいに出ちゅう。 のぞくだけでも楽しいき。 毎回ちょっと覗きたくなる店よ。,朝早くから開けています。雨天時は短縮営業です。雑談はほどほどです。,53a731e3-c3fe-46c0-921a-36b27ccd63a4,true,2026-01-06 05:58:43.30179+00,2026-02-24 08:53:43.074904+00,vendor
940d15af-aaf4-4d69-b97b-c1bd0ff11bc5,絵画細工店,森田 亜美,この辺で絵画言うたらここやき。仕上げがきれいに出ちゅう。 見たら分かるき。,朝早くから開けています。雨天時は短縮営業です。雑談はほどほどです。,a0457227-4a7c-42a3-aff6-6424661fd517,true,2026-01-06 05:58:44.328645+00,2026-02-24 08:53:43.074904+00,vendor
bc38b106-0b90-43c2-8461-beeefd329d9f,布巾日和,横山 真一,今日はかごをのぞいていきや。扱いやすいがよ。 見たら分かるき。 ここは外さんと損やき。,毎週日曜の午前に出店。雨の日はお休みです。雑談は多めです。,57b32c4e-0985-42be-af4b-e2869889cf94,true,2026-01-06 05:58:43.30179+00,2026-02-24 08:53:43.074904+00,vendor
6f21fef9-5d15-4a8e-9826-606fb20d791e,暮らしのタオル屋,大野 直樹,この店のタオルは、使うたら分かるがよ。 見たら分かるき。,午前中心に出店。雨天でも可能な限り営業します。雑談は控えめです。,57b32c4e-0985-42be-af4b-e2869889cf94,true,2026-01-06 05:58:43.30179+00,2026-02-24 08:53:43.074904+00,vendor
0e5da8e2-f846-4774-a9ba-00043ec8b7f0,みどりの球根,石井 悠里,ここで植木鉢を選んだら外さんき。仕上げがきれいに出ちゅう。 一回のぞいてみいや。,昼前後まで出店。雨天は様子を見て判断します。雑談は控えめです。,64b50182-b527-47a9-81c4-2fd1dc2681e9,true,2026-01-06 05:58:43.30179+00,2026-02-24 08:53:43.074904+00,vendor
91dd6111-d84a-4908-8cc6-a05605ab3984,千葉のお店,千葉 颯太,この店の推しは彫刻刀。見た目と手触りが違うき。 あれこれ見てみいや。,午前中心に出店。雨天でも可能な限り営業します。雑談は控えめです。,5df86d0b-002d-4bf5-ac2e-500ec532adaa,true,2026-01-06 05:58:44.328645+00,2026-02-24 08:53:43.074904+00,vendor
69867346-17c8-43f0-a272-46a4ede34486,阿部のお店,阿部 雅人,おはぎはここがいちばんやき。こだわりが見える品やき。 ついでに寄ってみいや。 おばあが今いちばん推す店よ。,朝7時ごろから昼過ぎまで。雨天はお休みします。雑談は多めです。,53a731e3-c3fe-46c0-921a-36b27ccd63a4,true,2026-01-06 05:58:44.328645+00,2026-02-24 08:53:43.074904+00,vendor
e37f5e86-fe49-4de9-9701-11cd4d4962ae,ピアス細工,川口 悠斗,このピアス、家にあると助かるき。 今日は寄ってみいや。,朝早くから開けています。雨天時は短縮営業です。雑談はほどほどです。,a333b487-8c16-428d-9708-1e8fe07d2bb4,true,2026-01-06 05:58:44.328645+00,2026-02-24 08:53:43.074904+00,vendor
64fb1287-6204-47ea-a5e5-21fe9e4799df,野村のお店,野村 莉央,お箸、見たら気分が上がるで。仕上げがきれいに出ちゅう。 一回のぞいてみいや。,毎週日曜の午前に出店。雨の日はお休みです。雑談は多めです。,57b32c4e-0985-42be-af4b-e2869889cf94,true,2026-01-06 05:58:43.30179+00,2026-02-24 08:53:43.074904+00,vendor
4f58e270-56c2-4958-a62c-81579f8a6820,道具のタオル,小林 涼,食器目当てで来る人も多いがよ。気負わず使えるのがえい。 ついでに寄ってみいや。,午前中心に出店。雨天でも可能な限り営業します。雑談は控えめです。,57b32c4e-0985-42be-af4b-e2869889cf94,true,2026-01-06 05:58:43.30179+00,2026-02-24 08:53:43.074904+00,vendor
496edbbf-c2be-4c5e-965f-5ad4d8ac47a8,砥石道具店,遠藤 直樹,えい彫刻刀が揃うちゅう。手に取った時がえいき。 あれこれ見てみいや。 よう評判が立ちゅうきね。,朝7時ごろから昼過ぎまで。雨天はお休みします。雑談は多めです。,5df86d0b-002d-4bf5-ac2e-500ec532adaa,true,2026-01-06 05:58:43.30179+00,2026-02-24 08:53:43.074904+00,vendor
be928dee-7b78-4d76-a11c-0adecd9540ae,革製品の手しごと,大塚 律,この店の推しは和紙。手に取った時がえいき。 のぞくだけでも楽しいき。,毎週日曜の午前に出店。雨の日はお休みです。雑談は多めです。,a0457227-4a7c-42a3-aff6-6424661fd517,true,2026-01-06 05:58:44.328645+00,2026-02-24 08:53:43.074904+00,vendor
54e4d93d-3d98-479e-b4c5-5961a138b236,お箸屋さん,田村 玲央,お箸ひとつで印象変わるき。今日は出来がえい日やき。 外せんきね。 えいもんが揃っちゅうき。,朝早くから開けています。雨天時は短縮営業です。雑談はほどほどです。,57b32c4e-0985-42be-af4b-e2869889cf94,true,2026-01-06 05:58:43.30179+00,2026-02-24 08:53:43.074904+00,vendor
03b1d6b1-b90c-4f64-98ac-0e839fbc9c5f,朝どれしょうゆ店,高木 海里,しょうゆ、見たら気分が上がるで。一回試してみると分かるき。 のぞくだけでも楽しいき。 えいもんが揃っちゅうき。,朝早くから開けています。雨天時は短縮営業です。雑談はほどほどです。,a0ddb575-c6c6-4bf0-83a7-05528747a5e8,true,2026-01-06 05:58:43.30179+00,2026-02-24 08:53:43.074904+00,vendor
7ebea15c-1be7-4113-a3c6-7bdf4cb25ddc,ネックレスの首飾り,杉山 葵,この指輪、色味がよう出ちゅう。 のぞくだけでも楽しいき。 おばあが今いちばん推す店よ。,昼前後まで出店。雨天は様子を見て判断します。雑談は控えめです。,a333b487-8c16-428d-9708-1e8fe07d2bb4,true,2026-01-06 05:58:43.30179+00,2026-02-24 08:53:43.074904+00,vendor
86ffa2fa-5785-4b63-8d9b-bb15880083c6,たこ焼きのひとくち本舗,山崎 誠,この店のお弁当は、家にあると助かるき。 のぞくだけでも楽しいき。 おばあが今いちばん推す店よ。,昼前後まで出店。雨天は様子を見て判断します。雑談は控えめです。,53a731e3-c3fe-46c0-921a-36b27ccd63a4,true,2026-01-06 05:58:43.30179+00,2026-02-24 08:53:43.074904+00,vendor
c1c5947e-7294-4957-8b16-a1a881d171e4,みどりの種,大西 陽子,この辺で植木鉢言うたらここやき。普段使いにちょうどえい。 見たら分かるき。 よう評判が立ちゅうきね。,朝早くから開けています。雨天時は短縮営業です。雑談はほどほどです。,64b50182-b527-47a9-81c4-2fd1dc2681e9,true,2026-01-06 05:58:43.30179+00,2026-02-24 08:53:43.074904+00,vendor
ee4831c1-df30-41f0-99ae-a206e2539790,藤原のお店,藤原 紘,このざる、手間かけちゅうのが分かるき。 ついでに寄ってみいや。 一度買うたらまた来とうなるき。,朝7時ごろから昼過ぎまで。雨天はお休みします。雑談は多めです。,57b32c4e-0985-42be-af4b-e2869889cf94,true,2026-01-06 05:58:43.30179+00,2026-02-24 08:53:43.074904+00,vendor
8d9d52eb-763d-45c0-a5fa-aede54aa1e39,花の苗園本舗,高木 綾,花の苗園本舗の花の苗は評判やきね。実物見ると印象変わるき。 今日は寄ってみいや。 よう評判が立ちゅうきね。,昼前後まで出店。雨天は様子を見て判断します。雑談は控えめです。,64b50182-b527-47a9-81c4-2fd1dc2681e9,true,2026-01-06 05:58:43.30179+00,2026-02-24 08:53:43.074904+00,vendor
aa81f92b-0ddb-4be2-9c54-c847c4f9c111,坂本のお店,坂本 優,この苗木、今朝見たとき一番えかったき。 あれこれ見てみいや。,朝7時ごろから昼過ぎまで。雨天はお休みします。雑談は多めです。,64b50182-b527-47a9-81c4-2fd1dc2681e9,true,2026-01-06 05:58:43.30179+00,2026-02-24 08:53:43.074904+00,vendor
acfba9b8-2f3a-4519-aa65-63e4fa209cbb,包丁の工房本舗,上田 紗希,のこぎりはここがいちばんやき。見た目と手触りが違うき。 あれこれ見てみいや。,朝7時ごろから昼過ぎまで。雨天はお休みします。雑談は多めです。,5df86d0b-002d-4bf5-ac2e-500ec532adaa,true,2026-01-06 05:58:43.30179+00,2026-02-24 08:53:43.074904+00,vendor
d12bc577-ff15-4861-95a1-22ca0faec10a,工藤のお店,工藤 結衣,迷うたらしょうゆやね。ひと目で惚れる人が多いき。 手に取ってみてよ。 最近は特に人気やきね。,午前中心に出店。雨天でも可能な限り営業します。雑談は控えめです。,a0ddb575-c6c6-4bf0-83a7-05528747a5e8,true,2026-01-06 05:58:43.30179+00,2026-02-24 08:53:43.074904+00,vendor
0845eb8a-7bb9-4730-b7d4-3b5fdf1d6f78,絵画工房,竹内 由佳,まず絵画から見てみいや。実物見ると印象変わるき。 こりゃおすすめやき。 最近は特に人気やきね。,朝早くから開けています。雨天時は短縮営業です。雑談はほどほどです。,a0457227-4a7c-42a3-aff6-6424661fd517,true,2026-01-06 05:58:43.30179+00,2026-02-24 08:53:43.074904+00,vendor
5ccd214c-9bf3-464f-9238-b54b1825344b,暮らしのざる屋本舗,太田 翼,石鹸、見たら気分が上がるで。今日は出来がえい日やき。 こりゃおすすめやき。 最近は特に人気やきね。,朝7時ごろから昼過ぎまで。雨天はお休みします。雑談は多めです。,57b32c4e-0985-42be-af4b-e2869889cf94,true,2026-01-06 05:58:43.30179+00,2026-02-24 08:53:43.074904+00,vendor
06d0b527-3585-4e7e-8472-4fd66f75aae8,みどりのトマト苗本舗,上田 幸子,ここ来たら観葉植物は外せん。手間かけちゅうのが分かるき。 気になったら声かけてよ。 一度買うたらまた来とうなるき。,朝7時ごろから昼過ぎまで。雨天はお休みします。雑談は多めです。,64b50182-b527-47a9-81c4-2fd1dc2681e9,true,2026-01-06 05:58:44.328645+00,2026-02-24 08:53:43.074904+00,vendor
a1961b96-9b94-418d-acca-3b7f7fbe741f,林のお店,林 大悟,鎌なら間違いない店よ。気負わず使えるのがえい。 外せんきね。,毎週日曜の午前に出店。雨の日はお休みです。雑談は多めです。,5df86d0b-002d-4bf5-ac2e-500ec532adaa,true,2026-01-06 05:58:44.328645+00,2026-02-24 08:53:43.074904+00,vendor
9121d5bd-4847-44bb-9fed-41e01dd378ad,ブローチの首飾り,中野 光希,まずチャームから見てみいや。ひとつあると安心やき。 気になったら声かけてよ。,昼前後まで出店。雨天は様子を見て判断します。雑談は控えめです。,a333b487-8c16-428d-9708-1e8fe07d2bb4,true,2026-01-06 05:58:44.328645+00,2026-02-24 08:53:43.074904+00,vendor
f4cb5781-5ed9-4de2-b07e-b8be3752024e,手しごとスコップ,野村 聡,えいスコップが揃うちゅう。色味がよう出ちゅう。 手に取ってみてよ。 ここは外さんと損やき。,午前中心に出店。雨天でも可能な限り営業します。雑談は控えめです。,5df86d0b-002d-4bf5-ac2e-500ec532adaa,true,2026-01-06 05:58:44.328645+00,2026-02-24 08:53:43.074904+00,vendor
db8d3a72-c892-4a6b-a544-dcbdc703f75d,季節のみかん屋,阿部 佳奈,ここでりんごを選んだら外さんき。作りが丁寧やき。 こりゃおすすめやき。,朝7時ごろから昼過ぎまで。雨天はお休みします。雑談は多めです。,a0ddb575-c6c6-4bf0-83a7-05528747a5e8,true,2026-01-06 05:58:43.30179+00,2026-02-24 08:53:43.074904+00,vendor
b13c4f99-5ff0-4e19-aa8c-77a01e978853,指輪のしずく本舗,久保 大輔,今週はヘアピンがよう出ちゅう。今朝見たとき一番えかったき。 こりゃおすすめやき。 おばあが今いちばん推す店よ。,毎週日曜の午前に出店。雨の日はお休みです。雑談は多めです。,a333b487-8c16-428d-9708-1e8fe07d2bb4,true,2026-01-06 05:58:43.30179+00,2026-02-24 08:53:43.074904+00,vendor
8675d15a-d125-4ce3-a9ff-1841550bd802,丸山のお店,丸山 紗希,お菓子はここがいちばんやき。一回試してみると分かるき。 外せんきね。 一度買うたらまた来とうなるき。,昼前後まで出店。雨天は様子を見て判断します。雑談は控えめです。,53a731e3-c3fe-46c0-921a-36b27ccd63a4,true,2026-01-06 05:58:43.30179+00,2026-02-24 08:53:43.074904+00,vendor
1509c5dd-ca67-493c-a99d-80009c3cb049,暮らしのほうき屋,新井 健太,ここ来たらお箸は外せん。気負わず使えるのがえい。 のぞくだけでも楽しいき。 えいもんが揃っちゅうき。,昼前後まで出店。雨天は様子を見て判断します。雑談は控えめです。,57b32c4e-0985-42be-af4b-e2869889cf94,true,2026-01-06 05:58:44.328645+00,2026-02-24 08:53:43.074904+00,vendor
958b92ab-2bda-4a25-a954-5507a71e143f,刺繍アトリエ,佐藤 真樹,この店の木工品は、今朝見たとき一番えかったき。 外せんきね。 ここは外さんと損やき。,朝7時ごろから昼過ぎまで。雨天はお休みします。雑談は多めです。,a0457227-4a7c-42a3-aff6-6424661fd517,true,2026-01-06 05:58:44.328645+00,2026-02-24 08:53:43.074904+00,vendor
c775bf10-bd76-437d-8221-0f90ff62642b,西田のお店,西田 遥香,あら、ここのお店、最近行ってないねぇ。今日は何が出ちゅうか、ちょっと見てきてくれん？,毎週日曜の午前に出店。雨の日はお休みです。雑談は多めです。,53a731e3-c3fe-46c0-921a-36b27ccd63a4,true,2026-01-06 05:58:44.328645+00,2026-02-24 08:53:43.074904+00,vendor
cd4e8d90-4b3b-4f51-b387-a39de2462d64,屋台いも天,藤原 梨花,この店の推しはおにぎり。今朝見たとき一番えかったき。 ついでに寄ってみいや。,午前中心に出店。雨天でも可能な限り営業します。雑談は控えめです。,53a731e3-c3fe-46c0-921a-36b27ccd63a4,true,2026-01-06 05:58:44.328645+00,2026-02-24 08:53:43.074904+00,vendor
64f163d4-88c8-4646-93ad-7fd1b7cd573b,藤原のお店,藤原 陽,ここの編み物、作りが丁寧やき。 あれこれ見てみいや。,毎週日曜の午前に出店。雨の日はお休みです。雑談は多めです。,a0457227-4a7c-42a3-aff6-6424661fd517,true,2026-01-06 05:58:43.30179+00,2026-02-24 08:53:43.074904+00,vendor
7592351f-8060-4620-9254-dedce2714bab,陶器アトリエ本舗,鈴木 光希,あら、ここのお店、最近行ってないねぇ。今日は何が出ちゅうか、ちょっと見てきてくれん？,朝7時ごろから昼過ぎまで。雨天はお休みします。雑談は多めです。,a0457227-4a7c-42a3-aff6-6424661fd517,true,2026-01-06 05:58:44.328645+00,2026-02-24 08:53:43.074904+00,vendor
8c2a1283-bf84-4131-9c2c-9a92bca15c98,松尾のお店,松尾 颯太,この辺でアクセサリー言うたらここやき。持った感じが軽うてえい。 見たら分かるき。 これ目当てに来る人がおるで。,昼前後まで出店。雨天は様子を見て判断します。雑談は控えめです。,a333b487-8c16-428d-9708-1e8fe07d2bb4,true,2026-01-06 05:58:43.30179+00,2026-02-24 08:53:43.074904+00,vendor
afc7cc26-ac1e-4419-a64c-9df023df2e03,ヘアピンの首飾り本舗,村上 真央,まずチャームから見てみいや。扱いやすいがよ。 のぞくだけでも楽しいき。 ここは外さんと損やき。,朝7時ごろから昼過ぎまで。雨天はお休みします。雑談は多めです。,a333b487-8c16-428d-9708-1e8fe07d2bb4,true,2026-01-06 05:58:44.328645+00,2026-02-24 08:53:43.074904+00,vendor
88702892-35ea-4085-98bf-7907b220ba88,河野のお店,河野 涼,おにぎりひとつで印象変わるき。一回試してみると分かるき。 こりゃおすすめやき。,午前中心に出店。雨天でも可能な限り営業します。雑談は控えめです。,53a731e3-c3fe-46c0-921a-36b27ccd63a4,true,2026-01-06 05:58:43.30179+00,2026-02-24 08:53:43.074904+00,vendor
9b84d4f6-f5ff-4f92-80be-a936a7dd61ca,ほっこりパン亭,青木 真央,今日はお餅をのぞいていきや。今日は出来がえい日やき。 のぞくだけでも楽しいき。 朝いちに寄る人も多いき。,朝7時ごろから昼過ぎまで。雨天はお休みします。雑談は多めです。,53a731e3-c3fe-46c0-921a-36b27ccd63a4,true,2026-01-06 05:58:43.30179+00,2026-02-24 08:53:43.074904+00,vendor
c7831a9e-5581-49e5-b97b-9a8523cbd437,たこ焼きのたより,上田 真奈,ちょいといも天見ていきや。仕上げがきれいに出ちゅう。 ついでに寄ってみいや。,朝早くから開けています。雨天時は短縮営業です。雑談はほどほどです。,53a731e3-c3fe-46c0-921a-36b27ccd63a4,true,2026-01-06 05:58:43.30179+00,2026-02-24 08:53:43.074904+00,vendor
d562842f-cb0d-4306-b224-26e35c96abbb,太田のお店,太田 栞,ここで竹製品を選んだら外さんき。気負わず使えるのがえい。 ついでに寄ってみいや。,午前中心に出店。雨天でも可能な限り営業します。雑談は控えめです。,57b32c4e-0985-42be-af4b-e2869889cf94,true,2026-01-06 05:58:44.328645+00,2026-02-24 08:53:43.074904+00,vendor
04256bcb-9fc7-4d2b-be19-1cfb8fe78ba9,暮らしの布巾屋,川口 由佳,ここのざる、作りが丁寧やき。 のぞくだけでも楽しいき。,毎週日曜の午前に出店。雨の日はお休みです。雑談は多めです。,57b32c4e-0985-42be-af4b-e2869889cf94,true,2026-01-06 05:58:44.328645+00,2026-02-24 08:53:43.074904+00,vendor
948f07eb-8047-4159-a6e7-131d469dce1c,渡辺のお店,渡辺 悠,食器ひとつで印象変わるき。使うたら分かるがよ。 見たら分かるき。,毎週日曜の午前に出店。雨の日はお休みです。雑談は多めです。,57b32c4e-0985-42be-af4b-e2869889cf94,true,2026-01-06 05:58:43.30179+00,2026-02-24 08:53:43.074904+00,vendor
e6c64621-feb5-42bb-889c-befde2c9e4a0,ヘアピンのしずく,小野 玲奈,かんざしひとつで印象変わるき。こだわりが見える品やき。 見たら分かるき。,朝7時ごろから昼過ぎまで。雨天はお休みします。雑談は多めです。,a333b487-8c16-428d-9708-1e8fe07d2bb4,true,2026-01-06 05:58:44.328645+00,2026-02-24 08:53:43.074904+00,vendor
1d613fc6-c6fc-4c91-ba00-cfce47a15366,ドライバー道具店本舗,今井 里奈,えい剪定鋏が揃うちゅう。扱いやすいがよ。 のぞくだけでも楽しいき。,昼前後まで出店。雨天は様子を見て判断します。雑談は控えめです。,5df86d0b-002d-4bf5-ac2e-500ec532adaa,true,2026-01-06 05:58:44.328645+00,2026-02-24 08:53:43.074904+00,vendor
880025d7-3c10-401b-b858-6dbf96ae0390,手しごとはさみ本舗,菅原 結菜,ここでのこぎりを選んだら外さんき。持った感じが軽うてえい。 外せんきね。,朝早くから開けています。雨天時は短縮営業です。雑談はほどほどです。,5df86d0b-002d-4bf5-ac2e-500ec532adaa,true,2026-01-06 05:58:43.30179+00,2026-02-24 08:53:43.074904+00,vendor
3713a62f-fa6f-44e5-8dff-497d432a6e72,ブローチブローチ本舗,水野 紗希,この店のイヤリングは、実物見ると印象変わるき。 一回のぞいてみいや。 えいもんが揃っちゅうき。,昼前後まで出店。雨天は様子を見て判断します。雑談は控えめです。,a333b487-8c16-428d-9708-1e8fe07d2bb4,true,2026-01-06 05:58:43.30179+00,2026-02-24 08:53:43.074904+00,vendor
77520d9e-241a-4f88-b4e5-d9b11e5fac2c,堅実ナイフ舗,酒井 葵,ちょいと彫刻刀見ていきや。実物見ると印象変わるき。 気になったら声かけてよ。 最近は特に人気やきね。,毎週日曜の午前に出店。雨の日はお休みです。雑談は多めです。,5df86d0b-002d-4bf5-ac2e-500ec532adaa,true,2026-01-06 05:58:43.30179+00,2026-02-24 08:53:43.074904+00,vendor
b0f00a7e-9b67-4a0f-8167-130dc70c81a0,谷口のお店,谷口 悠,あら、ここのお店、最近行ってないねぇ。今日は何が出ちゅうか、ちょっと見てきてくれん？,昼前後まで出店。雨天は様子を見て判断します。雑談は控えめです。,64b50182-b527-47a9-81c4-2fd1dc2681e9,true,2026-01-06 05:58:43.30179+00,2026-02-24 08:53:43.074904+00,vendor
4de64c98-bca1-42f8-af9a-c71f77f611da,土佐しょうゆ便本舗,水野 海,酢、見たら気分が上がるで。実物見ると印象変わるき。 今日は寄ってみいや。,昼前後まで出店。雨天は様子を見て判断します。雑談は控えめです。,a0ddb575-c6c6-4bf0-83a7-05528747a5e8,true,2026-01-06 05:58:43.30179+00,2026-02-24 08:53:43.074904+00,vendor
475caf01-e98a-4016-818c-6e23db9b7761,ほうき屋さん,渡部 玲子,この弁当箱、色味がよう出ちゅう。 のぞくだけでも楽しいき。 ここは外さんと損やき。,昼前後まで出店。雨天は様子を見て判断します。雑談は控えめです。,57b32c4e-0985-42be-af4b-e2869889cf94,true,2026-01-06 05:58:43.30179+00,2026-02-24 08:53:43.074904+00,vendor
e4512358-badb-4bf8-9d3e-07d769719483,花の苗苗屋,野村 栞,迷うたら花の苗やね。今朝見たとき一番えかったき。 今日は寄ってみいや。 一度買うたらまた来とうなるき。,昼前後まで出店。雨天は様子を見て判断します。雑談は控えめです。,64b50182-b527-47a9-81c4-2fd1dc2681e9,true,2026-01-06 05:58:44.328645+00,2026-02-24 08:53:43.074904+00,vendor
a05bf707-6166-4008-82e6-0532aec0ca13,竹細工工房,菊地 葵,ここ来たら編み物は外せん。作りが丁寧やき。 手に取ってみてよ。,午前中心に出店。雨天でも可能な限り営業します。雑談は控えめです。,a0457227-4a7c-42a3-aff6-6424661fd517,true,2026-01-06 05:58:44.328645+00,2026-02-24 08:53:43.074904+00,vendor
ba1eb2ad-98b6-48e5-a6de-eed532d04a7f,土佐みかん便本舗,山本 玲子,えい梨が揃うちゅう。普段使いにちょうどえい。 一回のぞいてみいや。 ここは外さんと損やき。,午前中心に出店。雨天でも可能な限り営業します。雑談は控えめです。,a0ddb575-c6c6-4bf0-83a7-05528747a5e8,true,2026-01-06 05:58:43.30179+00,2026-02-24 08:53:43.074904+00,vendor
a9b3f403-38ce-4334-a4d7-dd2a9d3a8739,ほっこりお餅亭,松尾 莉子,団子、見たら気分が上がるで。色味がよう出ちゅう。 外せんきね。 見たら思わず手が伸びるがよ。,毎週日曜の午前に出店。雨の日はお休みです。雑談は多めです。,53a731e3-c3fe-46c0-921a-36b27ccd63a4,true,2026-01-06 05:58:43.30179+00,2026-02-24 08:53:43.074904+00,vendor
8437d446-171e-4e50-9d37-01a7beccfe85,堅実包丁舗,宮崎 直人,あら、ここのお店、最近行ってないねぇ。今日は何が出ちゅうか、ちょっと見てきてくれん？,朝7時ごろから昼過ぎまで。雨天はお休みします。雑談は多めです。,5df86d0b-002d-4bf5-ac2e-500ec532adaa,true,2026-01-06 05:58:44.328645+00,2026-02-24 08:53:43.074904+00,vendor
20c78442-5d5f-43b9-be2d-b76a3f5720c7,木工品工房,原 遥香,木工品工房の編み物は評判やきね。こだわりが見える品やき。 一回のぞいてみいや。 ここは外さんと損やき。,朝早くから開けています。雨天時は短縮営業です。雑談はほどほどです。,a0457227-4a7c-42a3-aff6-6424661fd517,true,2026-01-06 05:58:44.328645+00,2026-02-24 08:53:43.074904+00,vendor
e6f2870a-28a0-43e8-ad0a-b6f41f3be099,竹細工の手しごと,内田 健太,今日は陶器をのぞいていきや。手に取った時がえいき。 あれこれ見てみいや。 えいもんが揃っちゅうき。,午前中心に出店。雨天でも可能な限り営業します。雑談は控えめです。,a0457227-4a7c-42a3-aff6-6424661fd517,true,2026-01-06 05:58:43.30179+00,2026-02-24 08:53:43.074904+00,vendor
2d9d6838-2da0-4782-81c4-184902cbdc43,編み物アトリエ本舗,大野 陽子,この店の革製品は、ひとつあると安心やき。 見たら分かるき。,午前中心に出店。雨天でも可能な限り営業します。雑談は控えめです。,a0457227-4a7c-42a3-aff6-6424661fd517,true,2026-01-06 05:58:43.30179+00,2026-02-24 08:53:43.074904+00,vendor
6649ca39-555e-42b9-a311-a9e8c42d1937,堅実包丁舗本舗,渡辺 太郎,堅実包丁舗本舗のはさみは評判やきね。手間かけちゅうのが分かるき。 気になったら声かけてよ。,朝7時ごろから昼過ぎまで。雨天はお休みします。雑談は多めです。,5df86d0b-002d-4bf5-ac2e-500ec532adaa,true,2026-01-06 05:58:43.30179+00,2026-02-24 08:53:43.074904+00,vendor
5ee17790-16f9-4466-8689-a174fae5c043,イヤリングの首飾り本舗,藤井 海,ピアス目当てで来る人も多いがよ。気負わず使えるのがえい。 外せんきね。 よう評判が立ちゅうきね。,午前中心に出店。雨天でも可能な限り営業します。雑談は控えめです。,a333b487-8c16-428d-9708-1e8fe07d2bb4,true,2026-01-06 05:58:43.30179+00,2026-02-24 08:53:43.074904+00,vendor
e84fad92-3569-492b-a599-17e088dab6ee,暮らしの食器屋,小川 桜,あら、ここのお店、最近行ってないねぇ。今日は何が出ちゅうか、ちょっと見てきてくれん？,朝7時ごろから昼過ぎまで。雨天はお休みします。雑談は多めです。,57b32c4e-0985-42be-af4b-e2869889cf94,true,2026-01-06 05:58:44.328645+00,2026-02-24 08:53:43.074904+00,vendor
1e097dcb-e465-4539-8a13-d70fcb8e0f09,みどりのハーブ本舗,鈴木 葵,この店の花の苗は、手間かけちゅうのが分かるき。 気になったら声かけてよ。 おばあが今いちばん推す店よ。,朝早くから開けています。雨天時は短縮営業です。雑談はほどほどです。,64b50182-b527-47a9-81c4-2fd1dc2681e9,true,2026-01-06 05:58:43.30179+00,2026-02-24 08:53:43.074904+00,vendor
485b7f46-00bd-411a-8815-ff8fb3d148c4,堅実ナイフ舗本舗,木下 葵,あら、ここのお店、最近行ってないねぇ。今日は何が出ちゅうか、ちょっと見てきてくれん？,毎週日曜の午前に出店。雨の日はお休みです。雑談は多めです。,5df86d0b-002d-4bf5-ac2e-500ec532adaa,true,2026-01-06 05:58:43.30179+00,2026-02-24 08:53:43.074904+00,vendor
f3c0949e-0de0-4fa4-ba3d-0a18ec73a81b,ほうき日和,西田 遥,えいタオルが揃うちゅう。家にあると助かるき。 今日は寄ってみいや。 これ目当てに来る人がおるで。,昼前後まで出店。雨天は様子を見て判断します。雑談は控えめです。,57b32c4e-0985-42be-af4b-e2869889cf94,true,2026-01-06 05:58:43.30179+00,2026-02-24 08:53:43.074904+00,vendor
09f4fd10-d229-4751-bf1a-9b729dd2d889,編み物の手しごと,遠藤 茜,ここの編み物、仕上げがきれいに出ちゅう。 のぞくだけでも楽しいき。 最近は特に人気やきね。,午前中心に出店。雨天でも可能な限り営業します。雑談は控えめです。,a0457227-4a7c-42a3-aff6-6424661fd517,true,2026-01-06 05:58:43.30179+00,2026-02-24 08:53:43.074904+00,vendor
5de4e440-0330-4dd8-97ec-f30342a3fe9d,原のお店,原 律,この店の推しはたこ焼き。扱いやすいがよ。 あれこれ見てみいや。 おばあが今いちばん推す店よ。,午前中心に出店。雨天でも可能な限り営業します。雑談は控えめです。,53a731e3-c3fe-46c0-921a-36b27ccd63a4,true,2026-01-06 05:58:44.328645+00,2026-02-24 08:53:43.074904+00,vendor
b4be7d28-a16c-4798-8f68-cd4a95689d25,堅実剪定鋏舗,鈴木 杏,包丁なら間違いない店よ。持った感じが軽うてえい。 あれこれ見てみいや。 見たら思わず手が伸びるがよ。,毎週日曜の午前に出店。雨の日はお休みです。雑談は多めです。,5df86d0b-002d-4bf5-ac2e-500ec532adaa,true,2026-01-06 05:58:44.328645+00,2026-02-24 08:53:43.074904+00,vendor
6ed89ca4-3fc6-4c3e-a7ea-dc5c138867be,ドライバー道具店屋,大西 亜美,この店のドライバーは、普段使いにちょうどえい。 今日は寄ってみいや。 最近は特に人気やきね。,昼前後まで出店。雨天は様子を見て判断します。雑談は控えめです。,5df86d0b-002d-4bf5-ac2e-500ec532adaa,true,2026-01-06 05:58:43.30179+00,2026-02-24 08:53:43.074904+00,vendor
b859db5f-f19f-4280-8c00-f1ffe8de0844,パンのひとくち,石田 大悟,まずパンから見てみいや。持った感じが軽うてえい。 一回のぞいてみいや。 おばあが今いちばん推す店よ。,毎週日曜の午前に出店。雨の日はお休みです。雑談は多めです。,53a731e3-c3fe-46c0-921a-36b27ccd63a4,true,2026-01-06 05:58:44.328645+00,2026-02-24 08:53:43.074904+00,vendor
820e9eda-0c2d-4dc7-b045-43f6de9c0ed0,桜井のお店,桜井 光希,レタスはここがいちばんやき。ひとつあると安心やき。 今日は寄ってみいや。,午前中心に出店。雨天でも可能な限り営業します。雑談は控えめです。,a0ddb575-c6c6-4bf0-83a7-05528747a5e8,true,2026-01-06 05:58:43.30179+00,2026-02-24 08:53:43.074904+00,vendor
fdb19a52-0344-40be-92b8-b047593aa835,アイスクリームのたより本舗,桜井 真樹,まずアイスクリームから見てみいや。一回試してみると分かるき。 手に取ってみてよ。,午前中心に出店。雨天でも可能な限り営業します。雑談は控えめです。,53a731e3-c3fe-46c0-921a-36b27ccd63a4,true,2026-01-06 05:58:44.328645+00,2026-02-24 08:53:43.074904+00,vendor
d0458460-7299-40ea-b461-61f5cdd41f88,屋台パン,藤原 玲子,ここのパン、気負わず使えるのがえい。 気になったら声かけてよ。,朝早くから開けています。雨天時は短縮営業です。雑談はほどほどです。,53a731e3-c3fe-46c0-921a-36b27ccd63a4,true,2026-01-06 05:58:43.30179+00,2026-02-24 08:53:43.074904+00,vendor
d4d4f3e4-ff26-4652-af48-8776d1080641,石井のお店,石井 悠斗,今日はかごがえい日よ。家にあると助かるき。 こりゃおすすめやき。 ここは外さんと損やき。,昼前後まで出店。雨天は様子を見て判断します。雑談は控えめです。,57b32c4e-0985-42be-af4b-e2869889cf94,true,2026-01-06 05:58:43.30179+00,2026-02-24 08:53:43.074904+00,vendor
0bc74a63-eb74-4fd6-ad2d-b2d84d69b0c0,季節のしょうゆ屋本舗,池田 健吾,しょうゆなら間違いない店よ。一回試してみると分かるき。 のぞくだけでも楽しいき。 朝いちに寄る人も多いき。,毎週日曜の午前に出店。雨の日はお休みです。雑談は多めです。,a0ddb575-c6c6-4bf0-83a7-05528747a5e8,true,2026-01-06 05:58:43.30179+00,2026-02-24 08:53:43.074904+00,vendor
11a8b387-8f4e-4136-9193-de316ffaeee9,朝どれきゅうり店,石田 真由,ここで味噌を選んだら外さんき。仕上げがきれいに出ちゅう。 手に取ってみてよ。 朝いちに寄る人も多いき。,朝7時ごろから昼過ぎまで。雨天はお休みします。雑談は多めです。,a0ddb575-c6c6-4bf0-83a7-05528747a5e8,true,2026-01-06 05:58:43.30179+00,2026-02-24 08:53:43.074904+00,vendor
332562df-17d5-4de5-91e0-b6262ce8759e,肥料園,小野 徹,えい植木鉢が揃うちゅう。普段使いにちょうどえい。 ついでに寄ってみいや。,午前中心に出店。雨天でも可能な限り営業します。雑談は控えめです。,64b50182-b527-47a9-81c4-2fd1dc2681e9,true,2026-01-06 05:58:44.328645+00,2026-02-24 08:53:43.074904+00,vendor
070ff79e-5f13-4ea1-a2d0-1738c99f22b7,球根の庭,加藤 玲奈,トマト苗はここがいちばんやき。見た目と手触りが違うき。 こりゃおすすめやき。,昼前後まで出店。雨天は様子を見て判断します。雑談は控えめです。,64b50182-b527-47a9-81c4-2fd1dc2681e9,true,2026-01-06 05:58:44.328645+00,2026-02-24 08:53:43.074904+00,vendor
9cccfece-8f61-4076-9056-51177066845b,ほっこりたこ焼き亭,大西 晴香,あら、ここのお店、最近行ってないねぇ。今日は何が出ちゅうか、ちょっと見てきてくれん？,昼前後まで出店。雨天は様子を見て判断します。雑談は控えめです。,53a731e3-c3fe-46c0-921a-36b27ccd63a4,true,2026-01-06 05:58:44.328645+00,2026-02-24 08:53:43.074904+00,vendor
278995aa-14c2-4c5e-9175-8d7979a0a40d,道具の竹製品本舗,菅原 香織,この辺でざる言うたらここやき。手元に置いたら嬉しなるき。 あれこれ見てみいや。 一度買うたらまた来とうなるき。,午前中心に出店。雨天でも可能な限り営業します。雑談は控えめです。,57b32c4e-0985-42be-af4b-e2869889cf94,true,2026-01-06 05:58:43.30179+00,2026-02-24 08:53:43.074904+00,vendor
910fa43d-0bd8-4a4e-86c2-291c1de363fb,彫刻刀道具店,内田 愛菜,剪定鋏はここがいちばんやき。気負わず使えるのがえい。 のぞくだけでも楽しいき。,朝早くから開けています。雨天時は短縮営業です。雑談はほどほどです。,5df86d0b-002d-4bf5-ac2e-500ec532adaa,true,2026-01-06 05:58:44.328645+00,2026-02-24 08:53:43.074904+00,vendor
86584c7f-2920-428c-a9de-b704b1135d8e,土佐レタス便本舗,吉川 沙耶,あら、ここのお店、最近行ってないねぇ。今日は何が出ちゅうか、ちょっと見てきてくれん？,毎週日曜の午前に出店。雨の日はお休みです。雑談は多めです。,a0ddb575-c6c6-4bf0-83a7-05528747a5e8,true,2026-01-06 05:58:44.328645+00,2026-02-24 08:53:43.074904+00,vendor
d75c21ec-b2d7-492a-8081-d7878f7c0326,石鹸屋さん,加藤 修,この辺で弁当箱言うたらここやき。今日は出来がえい日やき。 気になったら声かけてよ。,毎週日曜の午前に出店。雨の日はお休みです。雑談は多めです。,57b32c4e-0985-42be-af4b-e2869889cf94,true,2026-01-06 05:58:44.328645+00,2026-02-24 08:53:43.074904+00,vendor
2e9ae144-0fd4-4154-bfca-f666e2d94dd0,堅実包丁舗屋,三浦 玲子,包丁目当てで来る人も多いがよ。気負わず使えるのがえい。 のぞくだけでも楽しいき。,朝7時ごろから昼過ぎまで。雨天はお休みします。雑談は多めです。,5df86d0b-002d-4bf5-ac2e-500ec532adaa,true,2026-01-06 05:58:44.328645+00,2026-02-24 08:53:43.074904+00,vendor
ded9848c-993b-48ee-9eb1-10e4a95993f0,木工品工房本舗,遠藤 美咲,えい染物が揃うちゅう。色味がよう出ちゅう。 一回のぞいてみいや。,朝早くから開けています。雨天時は短縮営業です。雑談はほどほどです。,a0457227-4a7c-42a3-aff6-6424661fd517,true,2026-01-06 05:58:44.328645+00,2026-02-24 08:53:43.074904+00,vendor
853587ae-2da6-4981-92ee-bc6deb92e1e8,土佐レタス便屋,山内 律,土佐レタス便屋のにんじんは評判やきね。作りが丁寧やき。 外せんきね。,朝7時ごろから昼過ぎまで。雨天はお休みします。雑談は多めです。,a0ddb575-c6c6-4bf0-83a7-05528747a5e8,true,2026-01-06 05:58:43.30179+00,2026-02-24 08:53:43.074904+00,vendor
83ddf79f-c3c1-4ec4-8121-dee47e060611,ピアスブローチ,菊地 智也,ピアスブローチのブレスレットは評判やきね。こだわりが見える品やき。 一回のぞいてみいや。 よう評判が立ちゅうきね。,朝早くから開けています。雨天時は短縮営業です。雑談はほどほどです。,a333b487-8c16-428d-9708-1e8fe07d2bb4,true,2026-01-06 05:58:44.328645+00,2026-02-24 08:53:43.074904+00,vendor
dbfa9642-1797-4388-9474-1c0676dca15c,朝どれみかん店本舗,中島 千尋,このりんご、普段使いにちょうどえい。 のぞくだけでも楽しいき。,午前中心に出店。雨天でも可能な限り営業します。雑談は控えめです。,a0ddb575-c6c6-4bf0-83a7-05528747a5e8,true,2026-01-06 05:58:43.30179+00,2026-02-24 08:53:43.074904+00,vendor
f0202346-4869-4437-b46b-3cf7a65bfbe8,球根園,上田 晴香,この店のトマト苗は、手元に置いたら嬉しなるき。 ついでに寄ってみいや。 おばあが今いちばん推す店よ。,昼前後まで出店。雨天は様子を見て判断します。雑談は控えめです。,64b50182-b527-47a9-81c4-2fd1dc2681e9,true,2026-01-06 05:58:43.30179+00,2026-02-24 08:53:43.074904+00,vendor
d9b6b4dd-110e-4a1d-bb0c-d9a217fac2e9,暮らしのタオル屋本舗,岡田 夏美,この辺で食器言うたらここやき。持った感じが軽うてえい。 気になったら声かけてよ。 よう評判が立ちゅうきね。,午前中心に出店。雨天でも可能な限り営業します。雑談は控えめです。,57b32c4e-0985-42be-af4b-e2869889cf94,true,2026-01-06 05:58:44.328645+00,2026-02-24 08:53:43.074904+00,vendor
c6c0b4c6-cffe-49d4-b2c2-b5539fb7bbc2,季節のぶどう屋本舗,後藤 綾,ここ来たらきゅうりは外せん。一回試してみると分かるき。 見たら分かるき。 よう評判が立ちゅうきね。,毎週日曜の午前に出店。雨の日はお休みです。雑談は多めです。,a0ddb575-c6c6-4bf0-83a7-05528747a5e8,true,2026-01-06 05:58:43.30179+00,2026-02-24 08:53:43.074904+00,vendor
15ec7bfb-517b-4351-aab1-c6d7ef5eb84e,道具のかご屋,田村 修,ここのタオル、扱いやすいがよ。 あれこれ見てみいや。,朝早くから開けています。雨天時は短縮営業です。雑談はほどほどです。,57b32c4e-0985-42be-af4b-e2869889cf94,true,2026-01-06 05:58:43.30179+00,2026-02-24 08:53:43.074904+00,vendor
2a1e8a07-e320-4aee-8383-c07a6833a497,内田のお店,内田 優,この店の推しはパン。持った感じが軽うてえい。 一回のぞいてみいや。,朝7時ごろから昼過ぎまで。雨天はお休みします。雑談は多めです。,53a731e3-c3fe-46c0-921a-36b27ccd63a4,true,2026-01-06 05:58:44.328645+00,2026-02-24 08:53:43.074904+00,vendor
d61e9521-6bdb-4d2c-8146-55a963d1d940,山内のお店,山内 拓也,迷うたら食器やね。ひと目で惚れる人が多いき。 あれこれ見てみいや。 見たら思わず手が伸びるがよ。,昼前後まで出店。雨天は様子を見て判断します。雑談は控えめです。,57b32c4e-0985-42be-af4b-e2869889cf94,true,2026-01-06 05:58:44.328645+00,2026-02-24 08:53:43.074904+00,vendor
42b4859b-5028-452b-aea5-6e132f6348ab,ピアスブローチ本舗,野村 悠斗,ここ来たらピアスは外せん。今日は出来がえい日やき。 今日は寄ってみいや。,朝早くから開けています。雨天時は短縮営業です。雑談はほどほどです。,a333b487-8c16-428d-9708-1e8fe07d2bb4,true,2026-01-06 05:58:43.30179+00,2026-02-24 08:53:43.074904+00,vendor
cf15076c-a450-43df-adac-37fd9f725d44,編み物細工店,吉田 直人,この店の推しは刺繍。仕上げがきれいに出ちゅう。 のぞくだけでも楽しいき。 見たら思わず手が伸びるがよ。,午前中心に出店。雨天でも可能な限り営業します。雑談は控えめです。,a0457227-4a7c-42a3-aff6-6424661fd517,true,2026-01-06 05:58:43.30179+00,2026-02-24 08:53:43.074904+00,vendor
95e10167-99c6-4e99-9424-7aade869372e,ヘアピンの首飾り屋,池田 美咲,イヤリング、見たら気分が上がるで。見た目と手触りが違うき。 気になったら声かけてよ。 これ目当てに来る人がおるで。,朝7時ごろから昼過ぎまで。雨天はお休みします。雑談は多めです。,a333b487-8c16-428d-9708-1e8fe07d2bb4,true,2026-01-06 05:58:43.30179+00,2026-02-24 08:53:43.074904+00,vendor
130afe7e-12d6-4e28-92f9-145e9a13def8,手しごとはさみ屋,安藤 光希,この店の推しははさみ。扱いやすいがよ。 のぞくだけでも楽しいき。,朝早くから開けています。雨天時は短縮営業です。雑談はほどほどです。,5df86d0b-002d-4bf5-ac2e-500ec532adaa,true,2026-01-06 05:58:43.30179+00,2026-02-24 08:53:43.074904+00,vendor
b11f116d-4ecf-4ee5-9774-695cb6095ecd,季節のぶどう屋屋,野口 結衣,この店のぶどうは、扱いやすいがよ。 外せんきね。 これ目当てに来る人がおるで。,朝早くから開けています。雨天時は短縮営業です。雑談はほどほどです。,a0ddb575-c6c6-4bf0-83a7-05528747a5e8,true,2026-01-06 05:58:44.328645+00,2026-02-24 08:53:43.074904+00,vendor
28d81324-e822-4733-8a31-b23e5ada4366,菊地のお店,菊地 翔太,いも天、見たら気分が上がるで。見た目と手触りが違うき。 一回のぞいてみいや。 ここは外さんと損やき。,朝早くから開けています。雨天時は短縮営業です。雑談はほどほどです。,53a731e3-c3fe-46c0-921a-36b27ccd63a4,true,2026-01-06 05:58:44.328645+00,2026-02-24 08:53:43.074904+00,vendor
f0571be2-9839-4c71-99b0-a1295a401e3e,種園,渡辺 直樹,肥料なら間違いない店よ。普段使いにちょうどえい。 今日は寄ってみいや。,朝早くから開けています。雨天時は短縮営業です。雑談はほどほどです。,64b50182-b527-47a9-81c4-2fd1dc2681e9,true,2026-01-06 05:58:43.30179+00,2026-02-24 08:53:43.074904+00,vendor
43038f9a-1ccf-434f-aa15-1233d39be138,暮らしの食器屋本舗,山口 愛菜,ここ来たら竹製品は外せん。一回試してみると分かるき。 のぞくだけでも楽しいき。 見たら思わず手が伸びるがよ。,朝7時ごろから昼過ぎまで。雨天はお休みします。雑談は多めです。,57b32c4e-0985-42be-af4b-e2869889cf94,true,2026-01-06 05:58:43.30179+00,2026-02-24 08:53:43.074904+00,vendor
cdc22cdb-f4b3-4990-b5f6-157afb6e5b11,清水のお店,清水 海,刺繍目当てで来る人も多いがよ。ひと目で惚れる人が多いき。 今日は寄ってみいや。,昼前後まで出店。雨天は様子を見て判断します。雑談は控えめです。,a0457227-4a7c-42a3-aff6-6424661fd517,true,2026-01-06 05:58:44.328645+00,2026-02-24 08:53:43.074904+00,vendor
f54aa391-3b02-4473-af60-7d118f2e0875,おにぎりのたより,福田 春香,ここでパンを選んだら外さんき。ひと目で惚れる人が多いき。 今日は寄ってみいや。,午前中心に出店。雨天でも可能な限り営業します。雑談は控えめです。,53a731e3-c3fe-46c0-921a-36b27ccd63a4,true,2026-01-06 05:58:43.30179+00,2026-02-24 08:53:43.074904+00,vendor
3a484522-26b3-405a-85b9-5d93a52f7d01,指輪の首飾り,清水 沙耶,指輪ひとつで印象変わるき。扱いやすいがよ。 見たら分かるき。,毎週日曜の午前に出店。雨の日はお休みです。雑談は多めです。,a333b487-8c16-428d-9708-1e8fe07d2bb4,true,2026-01-06 05:58:43.30179+00,2026-02-24 08:53:43.074904+00,vendor
4a15a515-8476-44e8-919e-a7622040afd1,小川のお店,小川 莉央,じゃがいもなら間違いない店よ。手間かけちゅうのが分かるき。 のぞくだけでも楽しいき。 おばあが今いちばん推す店よ。,昼前後まで出店。雨天は様子を見て判断します。雑談は控えめです。,a0ddb575-c6c6-4bf0-83a7-05528747a5e8,true,2026-01-06 05:58:43.30179+00,2026-02-24 08:53:43.074904+00,vendor
43a279cd-6cc6-4d82-ba79-a6c3898db559,季節のみかん屋本舗,鈴木 美咲,この店の推しはなす。使うたら分かるがよ。 一回のぞいてみいや。 一度買うたらまた来とうなるき。,朝早くから開けています。雨天時は短縮営業です。雑談はほどほどです。,a0ddb575-c6c6-4bf0-83a7-05528747a5e8,true,2026-01-06 05:58:43.30179+00,2026-02-24 08:53:43.074904+00,vendor
3d80a684-5d00-40ce-badd-0c9a9008cebf,和紙細工店,山崎 俊介,この店の推しは和紙。使うたら分かるがよ。 こりゃおすすめやき。,昼前後まで出店。雨天は様子を見て判断します。雑談は控えめです。,a0457227-4a7c-42a3-aff6-6424661fd517,true,2026-01-06 05:58:43.30179+00,2026-02-24 08:53:43.074904+00,vendor
6c06e134-df91-4682-bbb0-dd22fdae5285,ネックレスの首飾り本舗,渡辺 真央,えいブレスレットが揃うちゅう。今日は出来がえい日やき。 外せんきね。 毎回ちょっと覗きたくなる店よ。,昼前後まで出店。雨天は様子を見て判断します。雑談は控えめです。,a333b487-8c16-428d-9708-1e8fe07d2bb4,true,2026-01-06 05:58:44.328645+00,2026-02-24 08:53:43.074904+00,vendor
35cd0c11-e158-4ac7-90a2-d91e98a0fd1f,チャーム細工,山本 遥香,今日はチャームをのぞいていきや。実物見ると印象変わるき。 見たら分かるき。,毎週日曜の午前に出店。雨の日はお休みです。雑談は多めです。,a333b487-8c16-428d-9708-1e8fe07d2bb4,true,2026-01-06 05:58:43.30179+00,2026-02-24 08:53:43.074904+00,vendor
08b86de3-36e0-4a1f-bede-dd3103eddb7d,松田のお店,松田 千尋,この鎌、使うたら分かるがよ。 今日は寄ってみいや。,昼前後まで出店。雨天は様子を見て判断します。雑談は控えめです。,5df86d0b-002d-4bf5-ac2e-500ec532adaa,true,2026-01-06 05:58:43.30179+00,2026-02-24 08:53:43.074904+00,vendor
4f054a3a-6723-4769-b999-a9b5efdb29b6,安藤のお店,安藤 剛,えいはさみが揃うちゅう。家にあると助かるき。 気になったら声かけてよ。 最近は特に人気やきね。,午前中心に出店。雨天でも可能な限り営業します。雑談は控えめです。,5df86d0b-002d-4bf5-ac2e-500ec532adaa,true,2026-01-06 05:58:43.30179+00,2026-02-24 08:53:43.074904+00,vendor
7daa4fac-1275-43d8-9c5e-cb79a7bf0107,トマト苗園,柴田 直子,ちょいとハーブ見ていきや。手間かけちゅうのが分かるき。 あれこれ見てみいや。,朝7時ごろから昼過ぎまで。雨天はお休みします。雑談は多めです。,64b50182-b527-47a9-81c4-2fd1dc2681e9,true,2026-01-06 05:58:43.30179+00,2026-02-24 08:53:43.074904+00,vendor
8af79636-b36a-4d21-8644-cd56805e3437,暮らしの竹製品屋,前田 颯太,暮らしの竹製品屋のざるは評判やきね。作りが丁寧やき。 今日は寄ってみいや。,午前中心に出店。雨天でも可能な限り営業します。雑談は控えめです。,57b32c4e-0985-42be-af4b-e2869889cf94,true,2026-01-06 05:58:44.328645+00,2026-02-24 08:53:43.074904+00,vendor
25c0173e-f180-4fe0-a41d-59516d9809b7,中島のお店,中島 愛菜,迷うたらピアスやね。作りが丁寧やき。 外せんきね。 一度買うたらまた来とうなるき。,毎週日曜の午前に出店。雨の日はお休みです。雑談は多めです。,a333b487-8c16-428d-9708-1e8fe07d2bb4,true,2026-01-06 05:58:43.30179+00,2026-02-24 08:53:43.074904+00,vendor
17683f65-b8a9-4808-9964-86ee69fdf59a,朝どれレタス店本舗,吉川 舞,レタス目当てで来る人も多いがよ。こだわりが見える品やき。 今日は寄ってみいや。,午前中心に出店。雨天でも可能な限り営業します。雑談は控えめです。,a0ddb575-c6c6-4bf0-83a7-05528747a5e8,true,2026-01-06 05:58:44.328645+00,2026-02-24 08:53:43.074904+00,vendor
5f66b16d-9fae-4b3a-aada-9a4ee2490b8d,和紙工房,松井 美月,ここで陶器を選んだら外さんき。手間かけちゅうのが分かるき。 外せんきね。 見たら思わず手が伸びるがよ。,昼前後まで出店。雨天は様子を見て判断します。雑談は控えめです。,a0457227-4a7c-42a3-aff6-6424661fd517,true,2026-01-06 05:58:44.328645+00,2026-02-24 08:53:43.074904+00,vendor
aba680ec-902a-4e2d-a906-2e200d3a7208,苗木の庭,高橋 舞,この辺で苗木言うたらここやき。家にあると助かるき。 一回のぞいてみいや。,朝7時ごろから昼過ぎまで。雨天はお休みします。雑談は多めです。,64b50182-b527-47a9-81c4-2fd1dc2681e9,true,2026-01-06 05:58:43.30179+00,2026-02-24 08:53:43.074904+00,vendor
6b93f81a-25c9-4a47-bbf5-666ca925d768,彫刻刀の工房本舗,中野 紗希,あら、ここのお店、最近行ってないねぇ。今日は何が出ちゅうか、ちょっと見てきてくれん？,朝早くから開けています。雨天時は短縮営業です。雑談はほどほどです。,5df86d0b-002d-4bf5-ac2e-500ec532adaa,true,2026-01-06 05:58:43.30179+00,2026-02-24 08:53:43.074904+00,vendor
ea121c69-70a7-4870-8e4e-571bed055048,お餅のたより本舗,島田 結衣,えいお餅が揃うちゅう。普段使いにちょうどえい。 見たら分かるき。 朝いちに寄る人も多いき。,午前中心に出店。雨天でも可能な限り営業します。雑談は控えめです。,53a731e3-c3fe-46c0-921a-36b27ccd63a4,true,2026-01-06 05:58:43.30179+00,2026-02-24 08:53:43.074904+00,vendor
60350df6-e47e-47d0-bd1b-5fd6e8e98201,剪定鋏道具店本舗,石井 悠,はさみ目当てで来る人も多いがよ。今日は出来がえい日やき。 こりゃおすすめやき。,毎週日曜の午前に出店。雨の日はお休みです。雑談は多めです。,5df86d0b-002d-4bf5-ac2e-500ec532adaa,true,2026-01-06 05:58:43.30179+00,2026-02-24 08:53:43.074904+00,vendor
f51bd610-96c4-4cc9-b10a-aeb5d63c863c,暮らしの食器屋屋,松田 雅人,ここの布巾、今朝見たとき一番えかったき。 のぞくだけでも楽しいき。,朝7時ごろから昼過ぎまで。雨天はお休みします。雑談は多めです。,57b32c4e-0985-42be-af4b-e2869889cf94,true,2026-01-06 05:58:43.30179+00,2026-02-24 08:53:43.074904+00,vendor
d430bde0-e1c3-41d5-bde9-8ddc9c34f4a7,みどりの観葉植物,原田 花子,苗木目当てで来る人も多いがよ。見た目と手触りが違うき。 手に取ってみてよ。,午前中心に出店。雨天でも可能な限り営業します。雑談は控えめです。,64b50182-b527-47a9-81c4-2fd1dc2681e9,true,2026-01-06 05:58:43.30179+00,2026-02-24 08:53:43.074904+00,vendor
570cf3e4-bcf1-4ab6-8c99-1b234e8efd84,革製品細工店,大塚 佳奈,革製品、見たら気分が上がるで。今朝見たとき一番えかったき。 のぞくだけでも楽しいき。,毎週日曜の午前に出店。雨の日はお休みです。雑談は多めです。,a0457227-4a7c-42a3-aff6-6424661fd517,true,2026-01-06 05:58:44.328645+00,2026-02-24 08:53:43.074904+00,vendor
6ff033e0-2643-48c9-9034-d8e748ca4f52,彫刻刀道具店本舗,西村 雅人,この店の推しはドライバー。ひとつあると安心やき。 こりゃおすすめやき。,朝早くから開けています。雨天時は短縮営業です。雑談はほどほどです。,5df86d0b-002d-4bf5-ac2e-500ec532adaa,true,2026-01-06 05:58:44.328645+00,2026-02-24 08:53:43.074904+00,vendor
fd2fe6fe-5d7f-4b29-ae39-3d9f69fb324f,観葉植物の庭,小松 美月,今週は苗木がよう出ちゅう。手元に置いたら嬉しなるき。 ついでに寄ってみいや。,午前中心に出店。雨天でも可能な限り営業します。雑談は控えめです。,64b50182-b527-47a9-81c4-2fd1dc2681e9,true,2026-01-06 05:58:44.328645+00,2026-02-24 08:53:43.074904+00,vendor
e087a8d6-9593-4b0e-9818-a6a523772d76,田村のお店,田村 結人,ここ来たら玉ねぎは外せん。手に取った時がえいき。 あれこれ見てみいや。 一度買うたらまた来とうなるき。,昼前後まで出店。雨天は様子を見て判断します。雑談は控えめです。,a0ddb575-c6c6-4bf0-83a7-05528747a5e8,true,2026-01-06 05:58:44.328645+00,2026-02-24 08:53:43.074904+00,vendor
d5398ab2-3265-4a8d-a8e9-b50ed4c53d5a,絵画細工店本舗,安藤 海斗,竹細工はここがいちばんやき。実物見ると印象変わるき。 ついでに寄ってみいや。 おばあが今いちばん推す店よ。,朝早くから開けています。雨天時は短縮営業です。雑談はほどほどです。,a0457227-4a7c-42a3-aff6-6424661fd517,true,2026-01-06 05:58:43.30179+00,2026-02-24 08:53:43.074904+00,vendor
c31892a1-d704-4e65-8794-9b9afbd91c7d,屋台お弁当,大塚 優,あら、ここのお店、最近行ってないねぇ。今日は何が出ちゅうか、ちょっと見てきてくれん？,朝早くから開けています。雨天時は短縮営業です。雑談はほどほどです。,53a731e3-c3fe-46c0-921a-36b27ccd63a4,true,2026-01-06 05:58:43.30179+00,2026-02-24 08:53:43.074904+00,vendor
a39b6cb7-95ae-409a-ac1b-4309e7ec8b80,アクセサリー細工,鈴木 結人,ここのアクセサリー、ひと目で惚れる人が多いき。 一回のぞいてみいや。,朝7時ごろから昼過ぎまで。雨天はお休みします。雑談は多めです。,a333b487-8c16-428d-9708-1e8fe07d2bb4,true,2026-01-06 05:58:43.30179+00,2026-02-24 08:53:43.074904+00,vendor
7220db5d-9ece-4b67-8df5-0c6e0a11c861,季節のぶどう屋堂,野村 健太,この店の梨は、一回試してみると分かるき。 見たら分かるき。,朝早くから開けています。雨天時は短縮営業です。雑談はほどほどです。,a0ddb575-c6c6-4bf0-83a7-05528747a5e8,true,2026-01-06 05:58:43.30179+00,2026-02-24 08:53:43.074904+00,vendor
9f9a76ef-f437-4b8e-a1a3-fbf2e3ba85d2,焼き芋のたより本舗,森田 玲,あら、ここのお店、最近行ってないねぇ。今日は何が出ちゅうか、ちょっと見てきてくれん？,朝早くから開けています。雨天時は短縮営業です。雑談はほどほどです。,53a731e3-c3fe-46c0-921a-36b27ccd63a4,true,2026-01-06 05:58:43.30179+00,2026-02-24 08:53:43.074904+00,vendor
9d48cd51-4f7f-46a2-a1ef-281c3d07666e,渡辺のお店,渡辺 里奈,ネックレスなら間違いない店よ。今日は出来がえい日やき。 気になったら声かけてよ。,朝早くから開けています。雨天時は短縮営業です。雑談はほどほどです。,a333b487-8c16-428d-9708-1e8fe07d2bb4,true,2026-01-06 05:58:43.30179+00,2026-02-24 08:53:43.074904+00,vendor
edfa051f-3e31-4907-b687-697a3b0753de,西村のお店,西村 奈々,ここ来たらバナナは外せん。今日は出来がえい日やき。 のぞくだけでも楽しいき。,毎週日曜の午前に出店。雨の日はお休みです。雑談は多めです。,a0ddb575-c6c6-4bf0-83a7-05528747a5e8,true,2026-01-06 05:58:43.30179+00,2026-02-24 08:53:43.074904+00,vendor
55b2b385-8841-4659-8001-125b3f7e46d4,季節の酢屋本舗,藤原 麻衣,油ひとつで印象変わるき。扱いやすいがよ。 一回のぞいてみいや。 一度買うたらまた来とうなるき。,毎週日曜の午前に出店。雨の日はお休みです。雑談は多めです。,a0ddb575-c6c6-4bf0-83a7-05528747a5e8,true,2026-01-06 05:58:43.30179+00,2026-02-24 08:53:43.074904+00,vendor
f0cb9957-e600-4f86-adc5-f688b590d740,朝どれ酢店屋,山田 光希,ここのみかん、家にあると助かるき。 あれこれ見てみいや。 これ目当てに来る人がおるで。,昼前後まで出店。雨天は様子を見て判断します。雑談は控えめです。,a0ddb575-c6c6-4bf0-83a7-05528747a5e8,true,2026-01-06 05:58:44.328645+00,2026-02-24 08:53:43.074904+00,vendor
23d04b54-7316-4de8-9b14-21c1070a287d,谷口のお店,谷口 陽菜,このブローチ、仕上げがきれいに出ちゅう。 こりゃおすすめやき。,午前中心に出店。雨天でも可能な限り営業します。雑談は控えめです。,a333b487-8c16-428d-9708-1e8fe07d2bb4,true,2026-01-06 05:58:44.328645+00,2026-02-24 08:53:43.074904+00,vendor
1dee78ed-0900-49d9-b2f3-15fbf3c5471e,種の庭本舗,岡本 慎太郎,種の庭本舗の球根は評判やきね。ひとつあると安心やき。 手に取ってみてよ。,朝早くから開けています。雨天時は短縮営業です。雑談はほどほどです。,64b50182-b527-47a9-81c4-2fd1dc2681e9,true,2026-01-06 05:58:43.30179+00,2026-02-24 08:53:43.074904+00,vendor
a5511fe6-c5d3-4ba5-8408-22c77daed644,チャームブローチ本舗,原田 杏,ちょいとアクセサリー見ていきや。普段使いにちょうどえい。 あれこれ見てみいや。,毎週日曜の午前に出店。雨の日はお休みです。雑談は多めです。,a333b487-8c16-428d-9708-1e8fe07d2bb4,true,2026-01-06 05:58:43.30179+00,2026-02-24 08:53:43.074904+00,vendor
1c059876-1126-4426-859b-116fc64ec23f,染物細工店,野口 真奈,ちょいと染物見ていきや。普段使いにちょうどえい。 こりゃおすすめやき。 見たら思わず手が伸びるがよ。,昼前後まで出店。雨天は様子を見て判断します。雑談は控えめです。,a0457227-4a7c-42a3-aff6-6424661fd517,true,2026-01-06 05:58:43.30179+00,2026-02-24 08:53:43.074904+00,vendor
ca91c956-9f57-4d06-ae4a-2a2e5a46c079,石鹸日和,菊地 優希,この店の推しは食器。今朝見たとき一番えかったき。 一回のぞいてみいや。,毎週日曜の午前に出店。雨の日はお休みです。雑談は多めです。,57b32c4e-0985-42be-af4b-e2869889cf94,true,2026-01-06 05:58:43.30179+00,2026-02-24 08:53:43.074904+00,vendor
fc0191d9-0b81-4d6e-aae0-6ce014d1fed1,染物の手しごと,山本 海,染物ひとつで印象変わるき。手間かけちゅうのが分かるき。 見たら分かるき。,昼前後まで出店。雨天は様子を見て判断します。雑談は控えめです。,a0457227-4a7c-42a3-aff6-6424661fd517,true,2026-01-06 05:58:43.30179+00,2026-02-24 08:53:43.074904+00,vendor
460ba8c9-4ccf-44b0-994a-f744b542e612,かご屋さん,田中 徹,えい食器が揃うちゅう。今日は出来がえい日やき。 こりゃおすすめやき。,朝早くから開けています。雨天時は短縮営業です。雑談はほどほどです。,57b32c4e-0985-42be-af4b-e2869889cf94,true,2026-01-06 05:58:44.328645+00,2026-02-24 08:53:43.074904+00,vendor
13f285ce-d183-4a35-a7e7-ec73ab883044,竹細工細工店,鈴木 彩,今日はガラス細工がえい日よ。仕上げがきれいに出ちゅう。 気になったら声かけてよ。,午前中心に出店。雨天でも可能な限り営業します。雑談は控えめです。,a0457227-4a7c-42a3-aff6-6424661fd517,true,2026-01-06 05:58:44.328645+00,2026-02-24 08:53:43.074904+00,vendor
f4ddbf03-8c87-499d-8aaa-57e834b1230c,陶器工房,上田 千尋,この辺で木工品言うたらここやき。ひと目で惚れる人が多いき。 見たら分かるき。 朝いちに寄る人も多いき。,朝7時ごろから昼過ぎまで。雨天はお休みします。雑談は多めです。,a0457227-4a7c-42a3-aff6-6424661fd517,true,2026-01-06 05:58:43.30179+00,2026-02-24 08:53:43.074904+00,vendor
c4dd58c6-c40a-4cd2-8aaf-3eb31389191f,土佐しょうゆ便屋,大野 陽太,あら、ここのお店、最近行ってないねぇ。今日は何が出ちゅうか、ちょっと見てきてくれん？,昼前後まで出店。雨天は様子を見て判断します。雑談は控えめです。,a0ddb575-c6c6-4bf0-83a7-05528747a5e8,true,2026-01-06 05:58:44.328645+00,2026-02-24 08:53:43.074904+00,vendor
62bde73c-a865-408a-a6c4-b2deb8358aa0,ほっこりいも天亭,金子 優子,ここ来たらいも天は外せん。手元に置いたら嬉しなるき。 見たら分かるき。,毎週日曜の午前に出店。雨の日はお休みです。雑談は多めです。,53a731e3-c3fe-46c0-921a-36b27ccd63a4,true,2026-01-06 05:58:43.30179+00,2026-02-24 08:53:43.074904+00,vendor
09dc361c-0236-41a6-81f8-77a5d1995b1b,おはぎのたより,吉川 真一,いも天目当てで来る人も多いがよ。家にあると助かるき。 外せんきね。 毎回ちょっと覗きたくなる店よ。,朝7時ごろから昼過ぎまで。雨天はお休みします。雑談は多めです。,53a731e3-c3fe-46c0-921a-36b27ccd63a4,true,2026-01-06 05:58:43.30179+00,2026-02-24 08:53:43.074904+00,vendor
650effff-1f12-4563-a08d-54f10305e93a,きゅうりの台所本舗,杉山 茜,今日はじゃがいもがえい日よ。手に取った時がえいき。 あれこれ見てみいや。,朝7時ごろから昼過ぎまで。雨天はお休みします。雑談は多めです。,a0ddb575-c6c6-4bf0-83a7-05528747a5e8,true,2026-01-06 05:58:43.30179+00,2026-02-24 08:53:43.074904+00,vendor
2590def8-8b7d-4ae3-a0cb-9f108f0969e1,革製品の手しごと本舗,原田 光希,ここで竹細工を選んだら外さんき。持った感じが軽うてえい。 こりゃおすすめやき。,毎週日曜の午前に出店。雨の日はお休みです。雑談は多めです。,a0457227-4a7c-42a3-aff6-6424661fd517,true,2026-01-06 05:58:43.30179+00,2026-02-24 08:53:43.074904+00,vendor
b4c6a3d1-acd9-495c-86ef-619a2b54db40,みどりの苗木本舗,原 直樹,迷うたらハーブやね。持った感じが軽うてえい。 見たら分かるき。,朝7時ごろから昼過ぎまで。雨天はお休みします。雑談は多めです。,64b50182-b527-47a9-81c4-2fd1dc2681e9,true,2026-01-06 05:58:44.328645+00,2026-02-24 08:53:43.074904+00,vendor
508e9b71-1a19-4d1d-a0f1-172f9e55a1a5,道具の弁当箱本舗,岩崎 晴香,道具の弁当箱本舗のざるは評判やきね。見た目と手触りが違うき。 一回のぞいてみいや。 一度買うたらまた来とうなるき。,昼前後まで出店。雨天は様子を見て判断します。雑談は控えめです。,57b32c4e-0985-42be-af4b-e2869889cf94,true,2026-01-06 05:58:44.328645+00,2026-02-24 08:53:43.074904+00,vendor
0c47d565-fc82-4219-a4ef-0cf46d80c305,刺繍工房,斎藤 幸子,ガラス細工、見たら気分が上がるで。手間かけちゅうのが分かるき。 ついでに寄ってみいや。,朝7時ごろから昼過ぎまで。雨天はお休みします。雑談は多めです。,a0457227-4a7c-42a3-aff6-6424661fd517,true,2026-01-06 05:58:43.30179+00,2026-02-24 08:53:43.074904+00,vendor
8a05a9ca-e8c4-491a-bc58-971a20d536fe,岡本のお店,岡本 優希,この店の推しは弁当箱。家にあると助かるき。 のぞくだけでも楽しいき。,朝早くから開けています。雨天時は短縮営業です。雑談はほどほどです。,57b32c4e-0985-42be-af4b-e2869889cf94,true,2026-01-06 05:58:44.328645+00,2026-02-24 08:53:43.074904+00,vendor
b5d8048b-12fc-46fb-9383-642eb1aa8043,青木のお店,青木 梨花,今日はアイスクリームがえい日よ。今朝見たとき一番えかったき。 今日は寄ってみいや。,朝早くから開けています。雨天時は短縮営業です。雑談はほどほどです。,53a731e3-c3fe-46c0-921a-36b27ccd63a4,true,2026-01-06 05:58:43.30179+00,2026-02-24 08:53:43.074904+00,vendor
0a5f5340-7539-45ce-8734-b8b02c19aeee,かんざしのしずく,山下 幸子,ブローチはここがいちばんやき。使うたら分かるがよ。 今日は寄ってみいや。 一度買うたらまた来とうなるき。,朝早くから開けています。雨天時は短縮営業です。雑談はほどほどです。,a333b487-8c16-428d-9708-1e8fe07d2bb4,true,2026-01-06 05:58:43.30179+00,2026-02-24 08:53:43.074904+00,vendor
61f362fb-8d3a-482b-820b-e422f08ae93b,イヤリングの首飾り屋,鈴木 莉央,迷うたらアクセサリーやね。今日は出来がえい日やき。 こりゃおすすめやき。 えいもんが揃っちゅうき。,午前中心に出店。雨天でも可能な限り営業します。雑談は控えめです。,a333b487-8c16-428d-9708-1e8fe07d2bb4,true,2026-01-06 05:58:44.328645+00,2026-02-24 08:53:43.074904+00,vendor
dc3c624d-8ee3-417d-b207-2caf6ee12efa,内田のお店,内田 晴香,まず陶器から見てみいや。使うたら分かるがよ。 こりゃおすすめやき。 ここは外さんと損やき。,朝7時ごろから昼過ぎまで。雨天はお休みします。雑談は多めです。,a0457227-4a7c-42a3-aff6-6424661fd517,true,2026-01-06 05:58:43.30179+00,2026-02-24 08:53:43.074904+00,vendor
f938c07c-ab6d-4ff7-b775-2569379e1ec8,スコップの工房,松田 陽,今日は剪定鋏をのぞいていきや。扱いやすいがよ。 今日は寄ってみいや。,午前中心に出店。雨天でも可能な限り営業します。雑談は控えめです。,5df86d0b-002d-4bf5-ac2e-500ec532adaa,true,2026-01-06 05:58:43.30179+00,2026-02-24 08:53:43.074904+00,vendor
598b702c-315d-4dbe-baf1-f9f4be7c59da,堅実ナイフ舗屋,田中 梨花,今日は彫刻刀がえい日よ。気負わず使えるのがえい。 ついでに寄ってみいや。 おばあが今いちばん推す店よ。,毎週日曜の午前に出店。雨の日はお休みです。雑談は多めです。,5df86d0b-002d-4bf5-ac2e-500ec532adaa,true,2026-01-06 05:58:44.328645+00,2026-02-24 08:53:43.074904+00,vendor
592f2ded-1579-46fe-9642-4a4d1b0f03b0,苗木園,竹内 真樹,苗木園の肥料は評判やきね。見た目と手触りが違うき。 今日は寄ってみいや。,朝7時ごろから昼過ぎまで。雨天はお休みします。雑談は多めです。,64b50182-b527-47a9-81c4-2fd1dc2681e9,true,2026-01-06 05:58:44.328645+00,2026-02-24 08:53:43.074904+00,vendor
a57024fa-9d18-4cdd-8565-a5440c41fc46,かんざし細工本舗,小野 悠,まずチャームから見てみいや。色味がよう出ちゅう。 のぞくだけでも楽しいき。,朝早くから開けています。雨天時は短縮営業です。雑談はほどほどです。,a333b487-8c16-428d-9708-1e8fe07d2bb4,true,2026-01-06 05:58:43.30179+00,2026-02-24 08:53:43.074904+00,vendor
7b109e73-add4-4108-9872-c5cdbc2c42e4,福田のお店,福田 悠斗,えいイヤリングが揃うちゅう。手元に置いたら嬉しなるき。 手に取ってみてよ。 えいもんが揃っちゅうき。,午前中心に出店。雨天でも可能な限り営業します。雑談は控えめです。,a333b487-8c16-428d-9708-1e8fe07d2bb4,true,2026-01-06 05:58:43.30179+00,2026-02-24 08:53:43.074904+00,vendor
5e5b5d5a-4940-4933-9096-772e65b495bb,ガラス細工細工店,桜井 陽子,ちょいと染物見ていきや。仕上げがきれいに出ちゅう。 のぞくだけでも楽しいき。 一度買うたらまた来とうなるき。,毎週日曜の午前に出店。雨の日はお休みです。雑談は多めです。,a0457227-4a7c-42a3-aff6-6424661fd517,true,2026-01-06 05:58:43.30179+00,2026-02-24 08:53:43.074904+00,vendor
93dca305-7748-46a4-8f45-ebcc385e3ac8,イヤリングの首飾り堂,山内 千尋,イヤリング、見たら気分が上がるで。扱いやすいがよ。 手に取ってみてよ。 最近は特に人気やきね。,午前中心に出店。雨天でも可能な限り営業します。雑談は控えめです。,a333b487-8c16-428d-9708-1e8fe07d2bb4,true,2026-01-06 05:58:44.328645+00,2026-02-24 08:53:43.074904+00,vendor
0f734062-025b-459e-a2cf-b4efa8848aee,手しごと剪定鋏本舗,渡辺 恵,今週は剪定鋏がよう出ちゅう。扱いやすいがよ。 見たら分かるき。,毎週日曜の午前に出店。雨の日はお休みです。雑談は多めです。,5df86d0b-002d-4bf5-ac2e-500ec532adaa,true,2026-01-06 05:58:43.30179+00,2026-02-24 08:53:43.074904+00,vendor
24b20307-fcb7-4898-8185-cc51f1c00084,ほっこり焼き芋亭,前田 彩,ほっこり焼き芋亭のおはぎは評判やきね。手元に置いたら嬉しなるき。 今日は寄ってみいや。,午前中心に出店。雨天でも可能な限り営業します。雑談は控えめです。,53a731e3-c3fe-46c0-921a-36b27ccd63a4,true,2026-01-06 05:58:43.30179+00,2026-02-24 08:53:43.074904+00,vendor
c8a4c080-acd3-4e25-8a31-5ddda0abc85e,団子のたより本舗,渡部 奈々,この店の推しはアイスクリーム。普段使いにちょうどえい。 今日は寄ってみいや。 朝いちに寄る人も多いき。,昼前後まで出店。雨天は様子を見て判断します。雑談は控えめです。,53a731e3-c3fe-46c0-921a-36b27ccd63a4,true,2026-01-06 05:58:43.30179+00,2026-02-24 08:53:43.074904+00,vendor